Gender,City,Country,Student Course,Month enr,Year enr,enrollments
Female,MOMBASA,Kenya,[DIPLOMA MARITIME MANAGEMENT(ICM)],Aug,2019,1
Male,NAIROBI,Kenya,[Artisan Electrical installation(KNEC)],Aug,2019,1
Male,KISUMU,Kenya,[DIPLOMA IN JOURNALISM & MASS COMMUNICATION(ICM)],Aug,2019,1
Male,KISUMU,Kenya,[CERT ELECTRICAL AND ELECTRONICS (KNEC)],Aug,2019,1
Male,NAIROBI,Kenya,[DIPLOMA ELECTRICAL AND ELECTRONICS (KNEC)],Aug,2019,1
Male,NAIROBI,Kenya,[DIPLOMA ELECTRICAL AND ELECTRONICS (KNEC)],Aug,2019,1
Female,NAIROBI,Kenya,[DIPLOMA IN JOURNALISM & MASS COMMUNICATION(ICM)],Aug,2019,1
Male,MACHAKOS,Kenya,[DIPLOMA ELECTRICAL AND ELECTRONICS (KNEC)],Aug,2019,1
Male,NAIROBI,Kenya,"[COMPUTERIZED DIPLOMA IN CUSTOMS ,CLEARING & FORWARDING(ICM)]",Aug,2019,1
Male,RONGO,Kenya,[CERT IN FOOD AND BEVERAGE(KNEC)],Aug,2019,1
Male,MOMBASA,Kenya,[Diploma in Aeronautical Engineering(KNEC)],Aug,2019,1
Female,MACHAKOS,Kenya,[DIPLOMA BANKING & FINANCE(KNEC)],Aug,2019,1
Female,,Kenya,[DIPLOMA AIRPORT OPERATIONS(IATA)],Aug,2019,1
Female,,Kenya,"[COMPUTERIZED DIPLOMA IN CUSTOMS ,CLEARING & FORWARDING(ICM)]",Aug,2019,1
Female,NAIROBI,Kenya,[DIPLOMA HOTEL AND CATERING MANAGEMENT(ICM)],Aug,2019,1
Male,RONGAI,Kenya,[DIPLOMA IN CABIN CREW/ AIR HOSTESS(IATA)],Aug,2019,1
Female,NAIROBI,"Congo, The Democratic Republic Of The",[DIPLOMA IN CABIN CREW/ AIR HOSTESS(IATA)],Aug,2019,1
Female,STAREHE,Kenya,[COMPUTERIZED DIP IN TRAVEL & TOURISM MGT (IATA)],Aug,2019,1
Male,KAYOLE,Kenya,[DIP. INFORMATION COMM. TECHNOLOGY(DICT)(KNEC)],Aug,2019,1
Female,TAITA,Kenya,[DIPLOMA IN COMMUNITY DEVELOPMENT & SOCIAL WORK],Aug,2019,1
Female,EMBU,Kenya,[DIPLOMA IN CABIN CREW/ AIR HOSTESS(IATA)],Aug,2019,1
Female,NAIROBI,Kenya,"[Diploma in Food and Beverage Production, Sales and Service Mgt(KNEC)]",Aug,2019,1
Female,NAIROBI,Kenya,"[Diploma in Food and Beverage Production, Sales and Service Mgt(KNEC)]",Aug,2019,1
Female,NAIROBI,Kenya,[Artisan Food And Beverage production and Services],Aug,2019,1
Male,NAIROBI,Kenya,[Artisan Electrical installation(KNEC)],Aug,2019,1
Male,STAREHE,Kenya,[CERTIFICATE BANKING & FINANCE(KNEC)],Aug,2019,1
Female,KIAMBU,Kenya,[CERTIFICATE IN TOUR GUIDE AND ADMINISTRATION(ICM)],Aug,2019,1
Male,NAKURU,Kenya,[DIPLOMA IN INTERNATIONAL FREIGHT MANAGEMENT(KNEC)],Aug,2019,1
Female,NAKURU,Kenya,[DIPLOMA IN CABIN CREW/ AIR HOSTESS(IATA)],Aug,2019,1
Male,LIMURU,Kenya,[CERTIFICATE IN TOUR GUIDE AND ADMINISTRATION(ICM)],Aug,2019,1
Male,MWINGI,Kenya,[CERTIFICATE IN JOURNALISM & MASS COMMUNICATION(ICM)],Aug,2019,1
Male,MACHAKOS,Kenya,[DIPLOMA IN INTERNATIONAL FREIGHT MANAGEMENT(KNEC)],Aug,2019,1
Female,PANGANI,Tanzania,[DIP. COMPUTER AIR TRAVEL OPERATION FL1(IATA)],Aug,2019,1
Female,NAIROBI,Kenya,[DIPLOMA IN CABIN CREW/ AIR HOSTESS(IATA)],Aug,2019,1
Female,RUAKA,Kenya,[CERTIFICATE IN JOURNALISM & MASS COMMUNICATION(ICM)],Aug,2019,1
Male,,Kenya,[CERT IN FOOD AND BEVERAGE(KNEC)],Aug,2019,1
Female,NAIROBI,Kenya,[Artisan Salesmanship],Aug,2019,1
Male,KISII,Kenya,"[Diploma in Food and Beverage Production, Sales and Service Mgt(KNEC)]",Aug,2019,1
Male,KAJIADO,Kenya,"[COMPUTERIZED DIPLOMA IN CUSTOMS ,CLEARING & FORWARDING(ICM)]",Aug,2019,1
Female,KISUMU,Kenya,[DIPLOMA IN CABIN CREW/ AIR HOSTESS(IATA)],Aug,2019,1
Male,KANGEMI,Kenya,[CERT IN FOOD AND BEVERAGE(KNEC)],Aug,2019,1
Male,NAKURU,Kenya,[DIPLOMA IN CABIN CREW/ AIR HOSTESS(IATA)],Aug,2019,1
Male,NAIROBI,Somalia,[DIPLOMA IN  HUMAN RESOURCE (ICM)],Aug,2019,1
Female,MACHAKOS,Kenya,[DIPLOMA IN COMMUNITY DEVELOPMENT & SOCIAL WORK],Aug,2019,1
Male,MOMBASA,Kenya,[CERTIFICATE IN INFORMATION TECHNOLOGY IT (KNEC)],Aug,2019,1
Male,NAIROBI,Kenya,[DIPLOMA HOTEL AND CATERING MANAGEMENT(ICM)],Aug,2019,1
Female,THIKA,Kenya,[DIPLOMA IN CABIN CREW/ AIR HOSTESS(IATA)],Aug,2019,1
Male,NAIROBI,Kenya,[DIPLOMA HOTEL AND CATERING MANAGEMENT(ICM)],Aug,2019,1
Male,UMOJA,Kenya,[CERTIFICATE IN INFORMATION TECHNOLOGY IT (KNEC)],Aug,2019,1
Male,NAIROBI,Kenya,"[COMPUTERIZED DIPLOMA IN CUSTOMS ,CLEARING & FORWARDING(ICM)]",Aug,2019,1
Male,NAIROBI,Sudan,[DIPLOMA ENGLISH],Aug,2019,1
Female,NAIROBI,Kenya,[COMPUTERIZED DIP IN TRAVEL & TOURISM MGT (IATA)],Aug,2019,1
Male,NYANDARUA,Kenya,[CERT IN FOOD AND BEVERAGE(KNEC)],Aug,2019,1
Male,NAIROBI,Kenya,[CERT IN ELECTRICAL AND ELECTRONICS TECHNOLOGY(CITY&GUILDS)],Aug,2019,1
Male,NAIROBI,Kenya,[CPA SEC 1],Aug,2019,1
Female,BUSIA,Kenya,[DIPLOMA IN CABIN CREW/ AIR HOSTESS(IATA)],Aug,2019,1
Male,NAIROBI,Comoros,[CERT CARGO RATING(IATA)],Aug,2019,1
Male,NAIROBI,Kenya,[DIPLOMA IN JOURNALISM & MASS COMMUNICATION(ICM)],Aug,2019,1
Female,NAIROBI,Kenya,[CERT IN FOOD AND BEVERAGE(KNEC)],Aug,2019,1
Male,NAIROBI,Kenya,[DIPLOMA AIRPORT OPERATIONS(IATA)],Aug,2019,1
Female,NAIROBI,Kenya,[COMPUTERIZED DIP IN TRAVEL & TOURISM MGT (IATA)],Aug,2019,1
Female,NAIROBI,Kenya,[DIPLOMA IN CABIN CREW/ AIR HOSTESS(IATA)],Aug,2019,1
Female,NAIROBI,Kenya,[CERTIFICATE IN INFORMATION TECHNOLOGY IT (KNEC)],Aug,2019,1
Female,NAIROBI,Kenya,[CERTIFICATE AIR CARGO INTRODUCTORY(IATA)],Aug,2019,1
Female,NAIROBI,Kenya,[CERT DANGEROUS GOODS & REGULATION(IATA)],Aug,2019,1
Male,NAIROBI,Kenya,[CERT ELECTRICAL AND ELECTRONICS (KNEC)],Aug,2019,1
Female,NAIROBI,Ghana,[DIPLOMA IN CABIN CREW/ AIR HOSTESS(IATA)],Aug,2019,1
Female,NAIROBI,Kenya,[COMPUTERIZED DIP IN TRAVEL & TOURISM MGT (IATA)],Aug,2019,1
Female,KISUMU,Kenya,[Artisan Food And Beverage production and Services],Sep,2019,1
Female,NAIROBI,Kenya,[DIPLOMA IN INTERNATIONAL FREIGHT MANAGEMENT(KNEC)],Sep,2019,1
Female,NAIROBI,Kenya,[COMPUTERIZED DIP IN TRAVEL & TOURISM MGT (IATA)],Sep,2019,1
Male,NAIROBI,Tanzania,[Diploma in Aeronautical Engineering(KNEC)],Sep,2019,1
Female,RONGAI,Kenya,[DIPLOMA IN CABIN CREW/ AIR HOSTESS(IATA)],Sep,2019,1
Male,NAIROBI,Kenya,[DIPLOMA ELECTRICAL AND ELECTRONICS (KNEC)],Sep,2019,1
Male,NAIROBI,Kenya,[DIPLOMA IN JOURNALISM & MASS COMMUNICATION(ICM)],Sep,2019,1
Male,NDHIWA,Kenya,[Diploma in Aeronautical Engineering(KNEC)],Sep,2019,1
Male,NAIROBI,Kenya,[DIPLOMA ELECTRICAL AND ELECTRONICS (KNEC)],Sep,2019,1
Female,NAIROBI,Kenya,[CERT IN FOOD AND BEVERAGE(KNEC)],Sep,2019,1
Male,NAIROBI,Kenya,[DIPLOMA IN FOOD PRODUCTION (ICM)],Sep,2019,1
Female,MUTHIGA,Kenya,[CERT IN FOOD AND BEVERAGE(KNEC)],Sep,2019,1
Male,NAIROBI,"Congo, The Democratic Republic Of The",[COMPUTER APPLICATION],Sep,2019,1
Female,LANGATA,Kenya,[CERT IN FOOD AND BEVERAGE(KNEC)],Sep,2019,1
Female,,Kenya,[CERTIFICATE IN INFORMATION TECHNOLOGY IT (KNEC)],Sep,2019,1
Female,DANDORA,Kenya,[COMPUTERIZED DIP IN TRAVEL & TOURISM MGT (IATA)],Sep,2019,1
Male,NGARA,Kenya,"[COMPUTERIZED DIPLOMA IN CUSTOMS ,CLEARING & FORWARDING(ICM)]",Sep,2019,1
Male,EASTLEIGH,Kenya,"[Diploma in Food and Beverage Production, Sales and Service Mgt(KNEC)]",Sep,2019,1
Female,NAIROBI,Kenya,[Diploma in Aeronautical Engineering(KNEC)],Sep,2019,1
Male,NAIROBI,Kenya,"[Diploma in Food and Beverage Production, Sales and Service Mgt(KNEC)]",Sep,2019,1
Male,EASTLEIGH,Kenya,[DIP. AIR TRAVEL OPERATIONS/COMP. Tourism mgt(consultancy level 2) (IATA)],Sep,2019,1
Female,,Kenya,[DIPLOMA ELECTRICAL AND ELECTRONICS (KNEC)],Sep,2019,1
Male,,Somalia,[CERT IN ENGLISH],Sep,2019,1
Female,MOMBASA,Kenya,[DIPLOMA IN CABIN CREW/ AIR HOSTESS(IATA)],Sep,2019,1
Male,NAIROBI,Kenya,[DIP. INFORMATION COMM. TECHNOLOGY(DICT)(KNEC)],Sep,2019,1
Male,NAIROBI,Kenya,[CERTIFICATE IN INFORMATION TECHNOLOGY IT (KNEC)],Sep,2019,1
Male,NAIROBI,Kenya,[DIPLOMA IN CABIN CREW/ AIR HOSTESS(IATA)],Sep,2019,1
Female,KASARANI,Kenya,[DIP. COMPUTER AIR TRAVEL OPERATION FL1(IATA)],Sep,2019,1
Male,NAIROBI,Kenya,[DIPLOMA IN CABIN CREW/ AIR HOSTESS(IATA)],Sep,2019,1
Male,KIKUYU,Kenya,[DIPLOMA IN JOURNALISM & MASS COMMUNICATION(ICM)],Sep,2019,1
Female,NAIROBI,Kenya,[CERT IN FOOD AND BEVERAGE(KNEC)],Sep,2019,1
Female,NAIROBI,Kenya,[CERT ELECTRICAL AND ELECTRONICS (KNEC)],Sep,2019,1
Male,NAIROBI,Kenya,[DIP. INFORMATION COMM. TECHNOLOGY(DICT)(KNEC)],Sep,2019,1
Female,MASINGA,Kenya,[CERT IN FOOD AND BEVERAGE(KNEC)],Sep,2019,1
Female,NAIROBI,Kenya,[DIPLOMA IN CABIN CREW/ AIR HOSTESS(IATA)],Sep,2019,1
Male,EMBAKASI,Kenya,[DIP. INFORMATION COMM. TECHNOLOGY(DICT)(KNEC)],Sep,2019,1
Male,NAIROBI,Kenya,[ARTISAN IN IT],Sep,2019,1
Female,NAIROBI,Kenya,[DIPLOMA IN CABIN CREW/ AIR HOSTESS(IATA)],Sep,2019,1
Female,NAIROBI,Kenya,"[COMPUTERIZED DIPLOMA IN CUSTOMS ,CLEARING & FORWARDING(ICM)]",Sep,2019,1
Female,KANGEMI,Kenya,"[Diploma in Food and Beverage Production, Sales and Service Mgt(KNEC)]",Sep,2019,1
Male,NAIROBI,Somalia,[CERT IN ENGLISH],Sep,2019,1
Male,THIKA,Kenya,[CERT IN FOOD AND BEVERAGE(KNEC)],Sep,2019,1
Female,,Kenya,"[Diploma in Food and Beverage Production, Sales and Service Mgt(KNEC)]",Sep,2019,1
Female,NAIROBI,Kenya,"[Diploma in Food and Beverage Production, Sales and Service Mgt(KNEC)]",Sep,2019,1
Female,NAIROBI,Kenya,[DIPLOMA AIRPORT OPERATIONS(IATA)],Sep,2019,1
Female,NAIROBI,Kenya,[Artisan Food And Beverage production and Services],Sep,2019,1
Male,NAIROBI,Kenya,"[COMPUTERIZED DIPLOMA IN CUSTOMS ,CLEARING & FORWARDING(ICM)]",Sep,2019,1
Female,NAIROBI,Kenya,[CERT HOTEL & CATERING MANAGEMENT(ICM)],Sep,2019,1
Female,NAIROBI,Kenya,[DIPLOMA IN COMMUNITY DEVELOPMENT & SOCIAL WORK],Sep,2019,1
Female,NAIROBI,Kenya,[Artisan Salesmanship],Sep,2019,1
Male,NAIROBI,Kenya,[DIPLOMA HOUSEKEEPING & ACCOMMODATION(ICM)],Sep,2019,1
Female,NAIROBI,Kenya,[DIPLOMA IN CABIN CREW/ AIR HOSTESS(IATA)],Sep,2019,1
Male,NAIROBI,Kenya,[DIPLOMA IN TOUR GUIDING AND ADMINISTRATION (ICM)],Sep,2019,1
Female,NAIROBI,Kenya,[COMPUTERIZED DIP IN TRAVEL & TOURISM MGT (IATA)],Sep,2019,1
Male,NAIROBI,Kenya,[CERTIFICATE BANKING & FINANCE(KNEC)],Sep,2019,1
Female,NAIROBI,Kenya,[CERT IN ELECTRICAL AND ELECTRONICS TECHNOLOGY(CITY&GUILDS)],Sep,2019,1
Male,NAIROBI,Kenya,[DIPLOMA BANKING & FINANCE(KNEC)],Sep,2019,1
Male,NAIROBI,Kenya,"[CERTIFICATE AIRPORT OPERATIONS(IATA), DIPLOMA AIRPORT OPERATIONS(IATA)]",Sep,2019,1
Male,NAIROBI,Kenya,[CERTIFICATE AIRPORT OPERATIONS(IATA)],Sep,2019,1
Female,KIAMBU,Kenya,[DIPLOMA IN CABIN CREW/ AIR HOSTESS(IATA)],Sep,2019,1
Female,NAIROBI,Kenya,[DIPLOMA IN CABIN CREW/ AIR HOSTESS(IATA)],Sep,2019,1
Male,NAIROBI,Kenya,[CERT IN FOOD AND BEVERAGE(KNEC)],Sep,2019,1
Female,NAIROBI,Kenya,[DIPLOMA AIRPORT OPERATIONS(IATA)],Sep,2019,1
Female,NAIROBI,Kenya,[CERTIFICATE HUMAN RESOURCE MGT(KNEC)],Sep,2019,1
Female,NAIROBI,Kenya,[DIPLOMA IN FOOD PRODUCTION (ICM)],Sep,2019,1
Female,NAIROBI,Kenya,[CERTIFICATE BANKING & FINANCE(KNEC)],Sep,2019,1
Female,NAIROBI,Kenya,[DIP. COMPUTER AIR TRAVEL OPERATION FL1(IATA)],Sep,2019,1
Male,NAIROBI,Kenya,[DIPLOMA IN JOURNALISM & MASS COMMUNICATION(ICM)],Sep,2019,1
Male,NAIROBI,Kenya,[DIPLOMA BANKING & FINANCE(KNEC)],Sep,2019,1
Female,NAIROBI,Kenya,[DIP. COMPUTER AIR TRAVEL OPERATION FL1(IATA)],Sep,2019,1
Female,NAIROBI,Kenya,[BAKING & PASTRY],Sep,2019,1
Female,NAIROBI,Kenya,[CERT HOTEL & CATERING MANAGEMENT(ICM)],Sep,2019,1
Female,NAIROBI,Kenya,[CERT IN FOOD AND BEVERAGE(KNEC)],Sep,2019,1
Male,NAIROBI,Kenya,[CERTIFICATE IN INFORMATION TECHNOLOGY IT (KNEC)],Sep,2019,1
Female,NAIROBI,Kenya,[DIPLOMA IN FRONT OFFICE OPERATION & ADMINISTRATION],Sep,2019,1
Male,NAIROBI,Kenya,[CERTIFICATE IN INFORMATION TECHNOLOGY IT (KNEC)],Sep,2019,1
Female,,Kenya,"[Diploma in Food and Beverage Production, Sales and Service Mgt(KNEC)]",Sep,2019,1
Female,,Kenya,[CERT IN FOOD AND BEVERAGE(KNEC)],Sep,2019,1
Male,NAIROBI,Kenya,[DIPLOMA IN CABIN CREW/ AIR HOSTESS(IATA)],Sep,2019,1
Female,NAIROBI,Kenya,[CERT IN FOOD AND BEVERAGE(KNEC)],Sep,2019,1
Male,NAIROBI,Kenya,[DIPLOMA IN TOUR GUIDING AND ADMINISTRATION (ICM)],Sep,2019,1
Female,NAKURU,Kenya,[DIPLOMA IN CABIN CREW/ AIR HOSTESS(IATA)],Sep,2019,1
Male,NAIROBI,Kenya,[CERTIFICATE HUMAN RESOURCE MGT(KNEC)],Sep,2019,1
Male,NAIROBI,Kenya,[CERTIFICATE IN JOURNALISM & MASS COMMUNICATION(ICM)],Sep,2019,1
Female,NAIROBI,Kenya,[CERT IN FOOD AND BEVERAGE(KNEC)],Sep,2019,1
Male,NAIROBI,Kenya,[DIPLOMA IN CABIN CREW/ AIR HOSTESS(IATA)],Sep,2019,1
Male,NAIROBI,Kenya,[Artisan Electrical installation(KNEC)],Sep,2019,1
Female,NAIROBI,Kenya,[CERTIFICATE HUMAN RESOURCE MGT(KNEC)],Sep,2019,1
Female,NAIROBI,Kenya,[CERTIFICATE AIRPORT OPERATIONS(IATA)],Sep,2019,1
Male,NAIROBI,Kenya,[CERTIFICATE BUSINESS MGT(KNEC)],Sep,2019,1
Male,NAIROBI,Kenya,[DIPLOMA HUMAN RESOURCE MGT(KNEC)],Sep,2019,1
Male,NAIROBI,Kenya,[DIPLOMA IN JOURNALISM & MASS COMMUNICATION(ICM)],Sep,2019,1
Male,NAIROBI,Uganda,[CERT IN ENGLISH],Sep,2019,1
Female,NAIROBI,Kenya,[CERT/DIP/ADVANCED BUSINESS ADMINISTRATION(ICM)],Sep,2019,1
Female,NAIROBI,Kenya,[COMPUTER RESERVATION SYSTEM(GALILEO/AMADEUS)],Sep,2019,1
Female,NAIROBI,Kenya,[CERTIFICATE IN SECRETARIAL STUDIES(KNEC)],Sep,2019,1
Male,NAIROBI,Kenya,[CERT IN FOOD AND BEVERAGE(KNEC)],Sep,2019,1
Male,NAIROBI,Kenya,[CERT IN FOOD AND BEVERAGE(KNEC)],Sep,2019,1
Male,NAIROBI,Kenya,[CERTIFICATE BANKING & FINANCE(KNEC)],Sep,2019,1
Female,NAIROBI,Kenya,[CERT IN FOOD AND BEVERAGE(KNEC)],Sep,2019,1
Female,NAIROBI,Kenya,[DIP IN PROJECT MANAGEMENT(KNEC)],Sep,2019,1
Male,NAIROBI,Kenya,[CERT IN ENGLISH],Sep,2019,1
Female,NAIROBI,Kenya,[COMPUTER APPLICATION],Sep,2019,1
Male,NAIROBI,Kenya,[Artisan Electrical installation(KNEC)],Sep,2019,1
Female,,Kenya,"[COMPUTERIZED DIPLOMA IN CUSTOMS ,CLEARING & FORWARDING(ICM)]",Sep,2019,1
Female,NAIROBI,Kenya,[DIPLOMA IN CABIN CREW/ AIR HOSTESS(IATA)],Sep,2019,1
Male,NAIROBI,Kenya,[CERTIFICATE AIRPORT OPERATIONS(IATA)],Sep,2019,1
Male,NAIROBI,Kenya,[DIPLOMA IN TOUR GUIDING AND ADMINISTRATION (ICM)],Sep,2019,1
Male,NAIROBI,Kenya,[DIP. COMPUTER AIR TRAVEL OPERATION FL1(IATA)],Sep,2019,1
Female,NAIROBI,Kenya,[Artisan Food And Beverage production and Services],Sep,2019,1
Female,NAIROBI,Kenya,[COMPUTERIZED DIP IN TRAVEL & TOURISM MGT (IATA)],Sep,2019,1
Male,NAIROBI,Kenya,[CERTIFICATE IN INFORMATION TECHNOLOGY IT (KNEC)],Sep,2019,1
Female,NAIROBI,Kenya,[PC MAINTENANCE ],Sep,2019,1
Female,NAIROBI,Kenya,[CERT AIRLINE PASSENGER HANDLING(IATA)],Sep,2019,1
Male,NAIROBI,Kenya,[DIPLOMA IN INTERNATIONAL FREIGHT MANAGEMENT(KNEC)],Sep,2019,1
Female,NAIROBI,Kenya,[ATD LEVEL 1],Sep,2019,1
Female,NAIROBI,Kenya,[DIPLOMA IN  HUMAN RESOURCE (ICM)],Sep,2019,1
Male,NAIROBI,Kenya,[Artisan Food And Beverage production and Services],Sep,2019,1
Female,NAIROBI,Kenya,[CERTIFICATE AIRPORT OPERATIONS(IATA)],Sep,2019,1
Female,,Kenya,[CERT IN FOOD AND BEVERAGE(KNEC)],Sep,2019,1
Male,NAIROBI,Kenya,[CERTIFICATE AIRPORT OPERATIONS(IATA)],Sep,2019,1
Male,,Kenya,[DIPLOMA AIRPORT OPERATIONS(IATA)],Sep,2019,1
Male,NAIROBI,Kenya,[DIPLOMA IN SOFTWARE ENGINEERING (CITY & GUILDS)],Sep,2019,1
Female,NAIROBI,Kenya,[CERT HOTEL & CATERING MANAGEMENT(ICM)],Sep,2019,1
Female,NAIROBI,Kenya,[CERT IN FOOD AND BEVERAGE(KNEC)],Sep,2019,1
Female,NAIROBI,Kenya,[DIP. PUBLIC RELATIONS],Sep,2019,1
Female,NAIROBI,Sudan,[DIPLOMA IN CABIN CREW/ AIR HOSTESS(IATA)],Sep,2019,1
Female,NAIROBI,Kenya,[COMPUTER APPLICATION],Sep,2019,1
Male,NAIROBI,Kenya,[Artisan Electrical installation(KNEC)],Sep,2019,1
Male,NAIROBI,Kenya,[CERT ELECTRICAL AND ELECTRONICS (KNEC)],Sep,2019,1
Female,NAIROBI,Kenya,[DIPLOMA IN CABIN CREW/ AIR HOSTESS(IATA)],Sep,2019,1
Female,NAIROBI,Kenya,"[Diploma in Food and Beverage Production, Sales and Service Mgt(KNEC)]",Sep,2019,1
Female,NAIROBI,Kenya,[DIPLOMA IN CABIN CREW/ AIR HOSTESS(IATA)],Sep,2019,1
Female,NAIROBI,Kenya,[DIPLOMA IN CABIN CREW/ AIR HOSTESS(IATA)],Sep,2019,1
Male,NAIROBI,Somalia,[DIPLOMA AIRPORT OPERATIONS(IATA)],Sep,2019,1
Female,NAIROBI,Kenya,[DIPLOMA IN CABIN CREW/ AIR HOSTESS(IATA)],Sep,2019,1
Male,NAIROBI,Kenya,[COMPUTER APPLICATION],Sep,2019,1
Female,NAIROBI,Kenya,[DIPLOMA IN CABIN CREW/ AIR HOSTESS(IATA)],Sep,2019,1
Female,NAIROBI,Kenya,[DIPLOMA AIRPORT OPERATIONS(IATA)],Sep,2019,1
Male,NAIROBI,Kenya,[CERT IN FOOD AND BEVERAGE(KNEC)],Sep,2019,1
Male,NAIROBI,Kenya,[CERTIFICATE IN TOUR GUIDE AND ADMINISTRATION(ICM)],Sep,2019,1
Female,NAIROBI,Kenya,[CERT IN FOOD AND BEVERAGE(KNEC)],Sep,2019,1
Male,NAIROBI,Kenya,[DIP. INFORMATION COMM. TECHNOLOGY(DICT)(KNEC)],Sep,2019,1
Female,NAIROBI,Kenya,[CERTIFICATE IN JOURNALISM & MASS COMMUNICATION(ICM)],Sep,2019,1
Male,NAIROBI,Kenya,[DIPLOMA IN JOURNALISM & MASS COMMUNICATION(ICM)],Sep,2019,1
Female,NAIROBI,Kenya,[CERT IN FOOD AND BEVERAGE(KNEC)],Sep,2019,1
Female,NAIROBI,Kenya,[Artisan Salesmanship],Sep,2019,1
Female,NAIROBI,Kenya,[COMPUTER RESERVATION SYSTEM(GALILEO/AMADEUS)],Sep,2019,1
Male,,Kenya,[Artisan Electrical installation(KNEC)],Sep,2019,1
Female,NAIROBI,Kenya,[Diploma in Aeronautical Engineering(KNEC)],Sep,2019,1
Female,NAIROBI,Kenya,[DIPLOMA BANKING & FINANCE(KNEC)],Sep,2019,1
Male,NAIROBI,Kenya,[CERT IN FOOD AND BEVERAGE(KNEC)],Sep,2019,1
Male,NAIROBI,Kenya,[Artisan Salesmanship],Sep,2019,1
Female,NAIROBI,Kenya,[DIPLOMA IN CABIN CREW/ AIR HOSTESS(IATA)],Sep,2019,1
Female,NAIROBI,Kenya,[CERT IN STOREKEEPING(KNEC)],Sep,2019,1
Female,NAIROBI,Kenya,[DIPLOMA HOTEL AND CATERING MANAGEMENT(ICM)],Sep,2019,1
Male,NAIROBI,Kenya,[DIPLOMA IN  HUMAN RESOURCE (ICM)],Sep,2019,1
Male,NAIROBI,Kenya,[DIP. INFORMATION COMM. TECHNOLOGY(DICT)(KNEC)],Sep,2019,1
Female,NAIROBI,Kenya,[COMPUTER RESERVATION SYSTEM(GALILEO/AMADEUS)],Sep,2019,1
Female,NAIROBI,Kenya,[CERTIFICATE AIRPORT OPERATIONS(IATA)],Sep,2019,1
Female,NAIROBI,Kenya,[CERT IN FOOD AND BEVERAGE(KNEC)],Sep,2019,1
Male,NAIROBI,Kenya,[DIPLOMA IN JOURNALISM & MASS COMMUNICATION(ICM)],Sep,2019,1
Male,NAIROBI,Kenya,"[ARCHITECTURAL PROGRAMS AUTCAD, ARCHITECTURAL PROGRAMS-ARCHI CAD]",Sep,2019,1
Female,NAIROBI,Kenya,[DIPLOMA IN CABIN CREW/ AIR HOSTESS(IATA)],Sep,2019,1
Female,NAIROBI,Kenya,[CERTIFICATE IN JOURNALISM & MASS COMMUNICATION(ICM)],Sep,2019,1
Male,NAIROBI,Kenya,[DIP. COMPUTER AIR TRAVEL OPERATION FL1(IATA)],Sep,2019,1
Female,NAIROBI,Kenya,[CERTIFICATE HUMAN RESOURCE MGT(KNEC)],Sep,2019,1
Male,NAIROBI,Kenya,[CERT IN FOOD AND BEVERAGE(KNEC)],Sep,2019,1
Male,NAIROBI,Kenya,[CERT AIRLINE PASSENGER HANDLING(IATA)],Sep,2019,1
Male,NGARA,Uganda,[Diploma in Aeronautical Engineering(KNEC)],Sep,2019,1
Female,NAIROBI,Kenya,[DIPLOMA IN CABIN CREW/ AIR HOSTESS(IATA)],Sep,2019,1
Female,,Kenya,[DIP. COMPUTER AIR TRAVEL OPERATION FL1(IATA)],Sep,2019,1
Male,NAIROBI,Kenya,[CERT AIRLINE PASSENGER HANDLING(IATA)],Sep,2019,1
Male,,Kenya,[DIPLOMA IN JOURNALISM & MASS COMMUNICATION(ICM)],Sep,2019,1
Male,NAIROBI,Kenya,[CERTIFICATE IN TOUR GUIDE AND ADMINISTRATION(ICM)],Sep,2019,1
Female,NAIROBI,Kenya,[CERTIFICATE IN JOURNALISM & MASS COMMUNICATION(ICM)],Sep,2019,1
Male,NAIROBI,Kenya,[CERT AIRLINE PASSENGER HANDLING(IATA)],Sep,2019,1
Female,NAIROBI,Kenya,[CERTIFICATE AIRPORT OPERATIONS(IATA)],Sep,2019,1
Male,NAIROBI,Kenya,[CERT ELECTRICAL AND ELECTRONICS (KNEC)],Sep,2019,1
Female,NAIROBI,Kenya,[DIPLOMA IN INTERNATIONAL FREIGHT MANAGEMENT(KNEC)],Sep,2019,1
Male,NAIROBI,Kenya,"[WEB DESIGN-CSS, WEB DESIGN-JAVA SCRIPT, WEB DESIGN-PHP, WEB DESIGN-HTML5/6, WEB DESIGN-FLASH, WEB DESIGN-HTML5/6, WEB DESIGN-ASP, WEB DESIGN-MY SQL, WEB DESIGN-PYTHON, WEB DESIGN-ORACLE]",Sep,2019,1
Female,NAIROBI,Kenya,[Artisan Food And Beverage production and Services],Sep,2019,1
Male,NAIROBI,Kenya,[DIPLOMA IN FOOD PRODUCTION (ICM)12],Sep,2019,1
Male,NAIROBI,Kenya,[CERTIFICATE IN SOCIAL DEVELOPMENT(KNEC)],Sep,2019,1
Female,NAIROBI,Kenya,[CERT IN FOOD AND BEVERAGE(KNEC)],Sep,2019,1
Female,,Congo,[DIPLOMA IN CABIN CREW/ AIR HOSTESS(IATA)],Sep,2019,1
Female,NAIROBI,Kenya,"[COMPUTERIZED DIPLOMA IN CUSTOMS ,CLEARING & FORWARDING(ICM)]",Sep,2019,1
Female,NAIROBI,Rwanda,[DIP. COMPUTER AIR TRAVEL OPERATION FL1(IATA)],Sep,2019,1
Male,NAIROBI,Kenya,[CERT ELECTRICAL AND ELECTRONICS (KNEC)],Sep,2019,1
Male,,Kenya,[COMPUTERIZED DIP IN TRAVEL & TOURISM MGT (IATA)],Sep,2019,1
Male,NAIROBI,Kenya,[CERT ELECTRICAL AND ELECTRONICS (KNEC)],Sep,2019,1
Male,NAIROBI,Kenya,"[COMPUTERIZED DIPLOMA IN CUSTOMS ,CLEARING & FORWARDING(ICM)]",Sep,2019,1
Male,NAIROBI,Kenya,"[GRAPHIC DESIGN-COREL DRAW, GRAPHIC DESIGN-ADOBE PAGEMAKER]",Sep,2019,1
Female,NAIROBI,Kenya,[CERT HOTEL & CATERING MANAGEMENT(ICM)],Sep,2019,1
Female,NAIROBI,Kenya,[CERT HOTEL & CATERING MANAGEMENT(ICM)],Sep,2019,1
Male,NAIROBI,Kenya,[CERTIFICATE IN JOURNALISM & MASS COMMUNICATION(ICM)],Sep,2019,1
Male,NAIROBI,Kenya,[CERT ELECTRICAL AND ELECTRONICS (KNEC)],Sep,2019,1
Female,NAIROBI,Kenya,[DIPLOMA IN CABIN CREW/ AIR HOSTESS(IATA)],Oct,2019,1
Female,NAIROBI,Kenya,[CERTIFICATE SUPPLY CHAIN MGT(KNEC)],Oct,2019,1
Female,NAIROBI,Kenya,[DIPLOMA IN CABIN CREW/ AIR HOSTESS(IATA)],Oct,2019,1
Male,NAIROBI,Somalia,[CERT/DIP/ADVANCED BUSINESS ADMINISTRATION(ICM)],Oct,2019,1
Male,NAIROBI,Kenya,"[Diploma in Food and Beverage Production, Sales and Service Mgt(KNEC)]",Oct,2019,1
Female,NAIROBI,Kenya,[DIPLOMA IN CABIN CREW/ AIR HOSTESS(IATA)],Oct,2019,1
Male,NAIROBI,Kenya,[ARCHITECTURAL PROGRAMS AUTCAD],Oct,2019,1
Female,NAIROBI,Kenya,[CERT IN FOOD AND BEVERAGE(KNEC)],Oct,2019,1
Female,NAIROBI,Kenya,[DIP. COMPUTER AIR TRAVEL OPERATION FL1(IATA)],Oct,2019,1
Female,NAIROBI,Kenya,[DIP. COMPUTER AIR TRAVEL OPERATION FL1(IATA)],Oct,2019,1
Female,NAIROBI,Kenya,"[WEB DESIGN-PHP, GRAPHIC DESIGN-ADOBE ILLUSTRATOR, WEB DESIGN-CSS, WEB DESIGN-HTML5/6]",Oct,2019,1
Male,NAIROBI,Kenya,[DIPLOMA IN CABIN CREW/ AIR HOSTESS(IATA)],Oct,2019,1
Female,NAIROBI,Kenya,[DIPLOMA BUSINESS MGT(KNEC)],Oct,2019,1
Male,NAIROBI,Kenya,"[Diploma in Food and Beverage Production, Sales and Service Mgt(KNEC)]",Oct,2019,1
Female,NAIROBI,Kenya,[Artisan Food And Beverage production and Services],Oct,2019,1
Female,NAIROBI,Kenya,[COMPUTER APPLICATION],Oct,2019,1
Male,NAIROBI,Kenya,[DIPLOMA IN  HUMAN RESOURCE (ICM)],Oct,2019,1
Male,NAIROBI,Kenya,"[COMPUTER APPLICATION, Diploma in Aeronautical Engineering(KNEC)]",Oct,2019,1
Female,NAIROBI,Kenya,"[COMPUTERIZED DIPLOMA IN CUSTOMS ,CLEARING & FORWARDING(ICM)]",Oct,2019,1
Female,NAIROBI,Kenya,"[COMPUTERIZED DIPLOMA IN CUSTOMS ,CLEARING & FORWARDING(ICM)]",Oct,2019,1
Male,NAIROBI,Kenya,[DIPLOMA SUPPLY CHAIN MGT(KNEC)],Oct,2019,1
Female,NAIROBI,Kenya,[DIP. COMPUTER AIR TRAVEL OPERATION FL1(IATA)],Oct,2019,1
Female,NAIROBI,Kenya,[CERT HOTEL & CATERING MANAGEMENT(ICM)],Oct,2019,1
Female,NAIROBI,Kenya,[CERTIFICATE AIR CARGO INTRODUCTORY(IATA)],Oct,2019,1
Female,NAIROBI,Kenya,"[COMPUTERIZED DIPLOMA IN CUSTOMS ,CLEARING & FORWARDING(ICM)]",Oct,2019,1
Female,NAIROBI,Kenya,[COMPUTERIZED DIP IN TRAVEL & TOURISM MGT (IATA)],Oct,2019,1
Female,NAIROBI,Kenya,[DIPLOMA BUSINESS MGT(KNEC)],Oct,2019,1
Male,NAIROBI,Kenya,[CERTIFICATE AIRPORT OPERATIONS(IATA)],Oct,2019,1
Male,NAIROBI,Kenya,[CERTIFICATE BANKING & FINANCE(KNEC)],Oct,2019,1
Male,NAIROBI,Kenya,[CERT IN FOOD AND BEVERAGE(KNEC)],Oct,2019,1
Female,NAIROBI,Kenya,[COMPUTERIZED DIP IN TRAVEL & TOURISM MGT (IATA)],Oct,2019,1
Male,NAIROBI,Kenya,[DIPLOMA HOTEL AND CATERING MANAGEMENT(ICM)],Oct,2019,1
Female,NAIROBI,Kenya,[DIPLOMA IN JOURNALISM & MASS COMMUNICATION(ICM)],Oct,2019,1
Male,NAIROBI,Kenya,[DIPLOMA HOTEL AND CATERING MANAGEMENT(ICM)],Oct,2019,1
Male,NAIROBI,Kenya,[DIP. INFORMATION COMM. TECHNOLOGY(DICT)(KNEC)],Oct,2019,1
Female,NAIROBI,Kenya,[DIPLOMA AIRPORT OPERATIONS(IATA)],Oct,2019,1
Female,NAIROBI,Kenya,[CERTIFICATE IN JOURNALISM & MASS COMMUNICATION(ICM)],Oct,2019,1
Male,NAIROBI,Kenya,[COMPUTERIZED DIP IN TRAVEL & TOURISM MGT (IATA)],Oct,2019,1
Male,NAIROBI,Kenya,[CERTIFICATE IN TOUR GUIDE AND ADMINISTRATION(ICM)],Oct,2019,1
Female,NAIROBI,Tanzania,[CERT/DIP/ADVANCED BUSINESS ADMINISTRATION(ICM)],Oct,2019,1
Male,NAIROBI,Kenya,[CERT/DIP/ADVANCED BUSINESS ADMINISTRATION(ICM)],Oct,2019,1
Male,NAIROBI,Kenya,[CERTIFICATE AIRPORT OPERATIONS(IATA)],Oct,2019,1
Female,NAIROBI,Kenya,[DIP IN PURCHASING & SUPPLIES MGT(ICM)],Oct,2019,1
Male,NAIROBI,Comoros,[CERTIFICATE AIRPORT OPERATIONS(IATA)],Oct,2019,1
Male,NAIROBI,Kenya,[Artisan Electrical installation(KNEC)],Oct,2019,1
Male,NAIROBI,Kenya,"[CPA SEC 2, CPA SEC 1]",Oct,2019,1
Female,NAIROBI,Kenya,[DIPLOMA IN CABIN CREW/ AIR HOSTESS(IATA)],Oct,2019,1
Male,,Somalia,[CERT IN ENGLISH],Oct,2019,1
Female,NAIROBI,Kenya,[CERTIFICATE AIRPORT OPERATIONS(IATA)],Oct,2019,1
Male,NAIROBI,Kenya,"[GRAPHIC DESIGN-ADOBE PAGEMAKER, GRAPHIC DESIGN-COREL DRAW, GRAPHIC DESIGN-ADOBE ILLUSTRATOR]",Oct,2019,1
Female,NAIROBI,Kenya,[DIPLOMA HOTEL AND CATERING MANAGEMENT(ICM)],Oct,2019,1
Female,NAIROBI,Gabon,[DIPLOMA IN CABIN CREW/ AIR HOSTESS(IATA)],Oct,2019,1
Female,NAIROBI,Kenya,[CERTIFICATE IN SOCIAL DEVELOPMENT(KNEC)],Oct,2019,1
Female,NAIROBI,Kenya,[DIPLOMA HOTEL AND CATERING MANAGEMENT(ICM)],Oct,2019,1
Female,,Kenya,[DIPLOMA HOTEL AND CATERING MANAGEMENT(ICM)],Oct,2019,1
Male,,Kenya,"[COMPUTERIZED ACCOUNTING-PASTEL, COMPUTERIZED ACCOUNTING-SAGE L50, COMPUTERIZED ACCOUNTING-QUICK BOOKS]",Oct,2019,1
Female,NAIROBI,Congo,[CERT IN ENGLISH],Oct,2019,1
Male,,Kenya,[DIPLOMA AIRPORT OPERATIONS(IATA)],Oct,2019,1
Female,NAIROBI,Somalia,[CERT IN ENGLISH],Oct,2019,1
Female,NAIROBI,Somalia,[CERT IN ENGLISH],Oct,2019,1
Female,NAIROBI,Kenya,[DIP. AIR TRAVEL OPERATIONS/COMP. Tourism mgt(consultancy level 2) (IATA)],Oct,2019,1
Female,NAIROBI,Kenya,[CERTIFICATE BUSINESS MGT(KNEC)],Oct,2019,1
Male,NAIROBI,Congo,[DIP. PUBLIC RELATIONS],Oct,2019,1
Male,NAIROBI,Kenya,[DIPLOMA HOTEL AND CATERING MANAGEMENT(ICM)],Oct,2019,1
Female,NAIROBI,Kenya,[CERT IN FOOD AND BEVERAGE(KNEC)],Oct,2019,1
Male,NAIROBI,Kenya,"[COMPUTERIZED DIPLOMA IN CUSTOMS ,CLEARING & FORWARDING(ICM)]",Oct,2019,1
Female,NAIROBI,Kenya,[DIP. COMPUTER AIR TRAVEL OPERATION FL1(IATA)],Oct,2019,1
Male,NAIROBI,Kenya,[COMPUTER APPLICATION],Oct,2019,1
Male,NAIROBI,Comoros,[DIPLOMA ENGLISH],Oct,2019,1
Female,KARATINA,Kenya,[CERT HOTEL & CATERING MANAGEMENT(ICM)],Oct,2019,1
Female,NAIROBI,Kenya,[CERT/DIP/ADVANCED BUSINESS ADMINISTRATION(ICM)],Oct,2019,1
Female,NAIROBI,Congo,[CERT IN ENGLISH],Oct,2019,1
Female,NAIROBI,Kenya,[DIP. AIR TRAVEL OPERATIONS/COMP. Tourism mgt(consultancy level 2) (IATA)],Oct,2019,1
Female,NAIROBI,Kenya,[CERTIFICATE BUSINESS MGT(KNEC)],Nov,2019,1
Female,,Kenya,[DIPLOMA IN CABIN CREW/ AIR HOSTESS(IATA)],Nov,2019,1
Female,NAIROBI,Kenya,[DIPLOMA AIRPORT OPERATIONS(IATA)],Nov,2019,1
Male,,Somalia,[DIPLOMA AIRPORT OPERATIONS(IATA)],Nov,2019,1
Male,NAIROBI,Kenya,[Artisan Electrical installation(KNEC)],Nov,2019,1
Female,NAIROBI,Kenya,[DIPLOMA HOTEL AND CATERING MANAGEMENT(ICM)],Nov,2019,1
Female,NAIROBI,Kenya,[DIPLOMA IN CABIN CREW/ AIR HOSTESS(IATA)],Nov,2019,1
Male,NAIROBI,Kenya,"[COMPUTERIZED DIPLOMA IN CUSTOMS ,CLEARING & FORWARDING(ICM)]",Nov,2019,1
Female,NAIROBI,Kenya,[DIPLOMA IN CABIN CREW/ AIR HOSTESS(IATA)],Nov,2019,1
Female,NAIROBI,Kenya,[COMPUTER APPLICATION],Nov,2019,1
Male,NAIROBI,Kenya,[DIPLOMA IN CABIN CREW/ AIR HOSTESS(IATA)],Nov,2019,1
Male,NAIROBI,Kenya,[DIP. INFORMATION COMM. TECHNOLOGY(DICT)(KNEC)],Nov,2019,1
Female,NAIROBI,Kenya,[DIPLOMA IN CABIN CREW/ AIR HOSTESS(IATA)],Nov,2019,1
Female,NAIROBI,Kenya,[DIPLOMA HOTEL AND CATERING MANAGEMENT(ICM)],Nov,2019,1
Male,NAIROBI,Kenya,[DIPLOMA HOTEL AND CATERING MANAGEMENT(ICM)],Nov,2019,1
Male,NAIROBI,Kenya,[DIPLOMA AIR CARGO INTRODUCTORY(IATA)],Nov,2019,1
Female,NAIROBI,Sudan,[CERTIFICATE IN SECRETARIAL STUDIES(KNEC)],Nov,2019,1
Female,NAIROBI,Sudan,[DIPLOMA BANKING & FINANCE(KNEC)],Nov,2019,1
Female,NAIROBI,Kenya,[DIPLOMA HOTEL AND CATERING MANAGEMENT(ICM)],Nov,2019,1
Female,NAIROBI,Kenya,[CERTIFICATE IN PROJECT MANAGEMENT(KNEC)],Nov,2019,1
Female,,Kenya,[DIPLOMA IN COMMUNITY DEVELOPMENT & SOCIAL WORK],Nov,2019,1
Male,NAIROBI,Kenya,[COMPUTER RESERVATION SYSTEM(GALILEO/AMADEUS)],Nov,2019,1
Female,NAIROBI,Tanzania,[COMPUTERIZED ACCOUNTING-QUICK BOOKS],Nov,2019,1
Female,NAIROBI,Kenya,[DIPLOMA IN CABIN CREW/ AIR HOSTESS(IATA)],Dec,2019,1
Female,,Kenya,[COMPUTERIZED DIP IN TRAVEL & TOURISM MGT (IATA)],Dec,2019,1
Female,,Kenya,[COMPUTER RESERVATION SYSTEM(GALILEO/AMADEUS)],Dec,2019,1
Female,NAIROBI,Kenya,[CERTIFICATE IN SECRETARIAL STUDIES(KNEC)],Dec,2019,1
Male,NAIROBI,Kenya,[COMPUTER APPLICATION],Dec,2019,1
Female,NAIROBI,Kenya,[CERT IN FOOD AND BEVERAGE(KNEC)],Dec,2019,1
Female,NAIROBI,Congo,[CERT IN ENGLISH],Dec,2019,1
Female,NAIROBI,Comoros,"[COMPUTER APPLICATION, COMPUTER RESERVATION SYSTEM(GALILEO/AMADEUS)]",Dec,2019,1
Female,NAIROBI,Kenya,[DIPLOMA IN CUSTOMER SERVICE (ICM)],Dec,2019,1
Female,NAIROBI,Kenya,[CERT HOTEL & CATERING MANAGEMENT(ICM)],Dec,2019,1
Female,,Kenya,[DIPLOMA IN CABIN CREW/ AIR HOSTESS(IATA)],Dec,2019,1
Male,NAIROBI,Somalia,[CERT/DIP/ADVANCED BUSINESS ADMINISTRATION(ICM)],Dec,2019,1
Female,NAIROBI,Kenya,[DIPLOMA BANKING & FINANCE(KNEC)],Dec,2019,1
Male,NAIROBI,Kenya,[DIPLOMA IN COMMUNITY DEVELOPMENT & SOCIAL WORK],Dec,2019,1
Female,NAIROBI,Kenya,[DIPLOMA SUPPLY CHAIN MGT(KNEC)],Dec,2019,1
Male,NAIROBI,Comoros,[DIPLOMA ENGLISH],Dec,2019,1
Male,NAIROBI,Kenya,[DIPLOMA IN CABIN CREW/ AIR HOSTESS(IATA)],Jan,2020,1
Female,NAIROBI,Kenya,[CERT HOTEL & CATERING MANAGEMENT(ICM)],Jan,2020,1
Female,NAIROBI,Kenya,[DIPLOMA IN CABIN CREW/ AIR HOSTESS(IATA)],Jan,2020,1
Male,NAIROBI,Kenya,[DIPLOMA IN COMMUNITY DEVELOPMENT & SOCIAL WORK],Jan,2020,1
Male,NAIROBI,Kenya,[DIPLOMA HOTEL AND CATERING MANAGEMENT(ICM)],Jan,2020,1
Male,KIGALI,Rwanda,[DIP. COMPUTER AIR TRAVEL OPERATION FL1(IATA)],Jan,2020,1
Male,KIGUMO,Kenya,[DIP. INFORMATION COMM. TECHNOLOGY(DICT)(KNEC)],Jan,2020,1
Female,SIAYA,Kenya,[CERT HOTEL & CATERING MANAGEMENT(ICM)],Jan,2020,1
Female,KIAMBU,Kenya,[DIPLOMA IN COMMUNITY DEVELOPMENT & SOCIAL WORK],Jan,2020,1
Male,NAIROBI,Kenya,[DIPLOMA IT SYSTEMS SUPPORT (CITY & GUILDS)],Jan,2020,1
Male,NAIROBI,Kenya,[CERT IN ENGLISH],Jan,2020,1
Female,KIAMBU,Kenya,[DIPLOMA IN CABIN CREW/ AIR HOSTESS(IATA)],Jan,2020,1
Female,NAIROBI,Kenya,[CERT AIRLINE PASSENGER HANDLING(IATA)],Jan,2020,1
Male,GARISSA,Kenya,[DIPLOMA IN CABIN CREW/ AIR HOSTESS(IATA)],Jan,2020,1
Female,,Kenya,"[GRAPHIC DESIGN-ADOBE PAGEMAKER, GRAPHIC DESIGN-COREL DRAW, GRAPHIC DESIGN-ADOBE ILLUSTRATOR, GRAPHIC DESIGN-ADOBE PHOTO SHOP]",Jan,2020,1
Female,MORONI,Comoros,[CERT IN ENGLISH],Jan,2020,1
Female,,Kenya,[DIPLOMA IN CABIN CREW/ AIR HOSTESS(IATA)],Jan,2020,1
Female,NAIROBI,Kenya,[ATD LEVEL 1],Jan,2020,1
Female,NAIROBI,Kenya,[CERTIFICATE IN JOURNALISM & MASS COMMUNICATION(ICM)],Jan,2020,1
Male,,Kenya,[CERT IN FOOD AND BEVERAGE(KNEC)],Jan,2020,1
Female,NAIROBI,Kenya,[CERTIFICATE IN JOURNALISM & MASS COMMUNICATION(ICM)],Jan,2020,1
Female,NAIROBI,Kenya,[DIPLOMA IN FRONT OFFICE OPERATION & ADMINISTRATION],Jan,2020,1
Male,NYERI,Kenya,[CERT IN ENGLISH],Jan,2020,1
Male,NAIROBI,Kenya,[CERT IN FOOD AND BEVERAGE(KNEC)],Jan,2020,1
Male,NAIROBI,Kenya,[DIPLOMA ELECTRICAL AND ELECTRONICS (KNEC)],Jan,2020,1
Male,MAWINGO,Kenya,[DIPLOMA ELECTRICAL AND ELECTRONICS (KNEC)],Jan,2020,1
Male,NAIROBI,Kenya,[COMPUTERIZED DIP IN TRAVEL & TOURISM MGT (IATA)],Jan,2020,1
Female,NAIROBI,Kenya,[DIPLOMA HOTEL AND CATERING MANAGEMENT(ICM)],Jan,2020,1
Male,NAIROBI,Kenya,[DIPLOMA AIRPORT OPERATIONS(IATA)],Jan,2020,1
Female,KANGEMI,Kenya,[DIPLOMA IN CABIN CREW/ AIR HOSTESS(IATA)],Jan,2020,1
Male,KINSHASA,Congo,[CERT IN ENGLISH],Jan,2020,1
Female,KIAMBU,Kenya,[CERTIFICATE AIR CARGO INTRODUCTORY(IATA)],Jan,2020,1
Female,NAIROBI,Kenya,[DIP. COMPUTER AIR TRAVEL OPERATION FL1(IATA)],Jan,2020,1
Female,THIKA,Kenya,[DIPLOMA AIRPORT OPERATIONS(IATA)],Jan,2020,1
Female,NAIROBI,Kenya,[Artisan Food And Beverage production and Services],Jan,2020,1
Male,KITALE,Kenya,[DIP. INFORMATION COMM. TECHNOLOGY(DICT)(KNEC)],Jan,2020,1
Male,NAIROBI,Kenya,[COMPUTERIZED DIP IN TRAVEL & TOURISM MGT (IATA)],Jan,2020,1
Female,NAIROBI,Kenya,"[Diploma in Food and Beverage Production, Sales and Service Mgt(KNEC)]",Jan,2020,1
Male,NAIROBI,Kenya,[COMPUTER APPLICATION],Jan,2020,1
Female,NAIROBI,Kenya,[DIPLOMA HOTEL AND CATERING MANAGEMENT(ICM)],Jan,2020,1
Female,MARIAKANI,Kenya,[CERTIFICATE IN JOURNALISM & MASS COMMUNICATION(ICM)],Jan,2020,1
Male,NYAMIRA,Kenya,[DIPLOMA ELECTRICAL AND ELECTRONICS (KNEC)],Jan,2020,1
Female,KERICHO,Kenya,[DIPLOMA IN SECRETARIAL STUDIES(KNEC)],Jan,2020,1
Male,LITEIN,Kenya,"[COMPUTERIZED DIPLOMA IN CUSTOMS ,CLEARING & FORWARDING(ICM)]",Jan,2020,1
Female,NAIROBI,Uganda,[DIPLOMA IN CABIN CREW/ AIR HOSTESS(IATA)],Jan,2020,1
Male,MOGADISHO,Kenya,[CERT ELECTRICAL AND ELECTRONICS (KNEC)],Jan,2020,1
Female,,Kenya,"[Diploma in Food and Beverage Production, Sales and Service Mgt(KNEC)]",Jan,2020,1
Male,MOGDISHO,Somalia,[CERT/DIP/ADVANCED BUSINESS ADMINISTRATION(ICM)],Jan,2020,1
Male,NAIROBI,Kenya,[Diploma in Aeronautical Engineering(KNEC)],Jan,2020,1
Female,NAIROBI,Kenya,[DIP. AIR TRAVEL OPERATIONS/COMP. Tourism mgt(consultancy level 2) (IATA)],Jan,2020,1
Male,MERU,Kenya,"[COMPUTERIZED DIPLOMA IN CUSTOMS ,CLEARING & FORWARDING(ICM)]",Jan,2020,1
Female,MERU,Kenya,[DIPLOMA BANKING & FINANCE(KNEC)],Jan,2020,1
Male,MATASIA,Kenya,[CERTIFICATE AIRPORT OPERATIONS(IATA)],Jan,2020,1
Female,MWINGI,Kenya,[DIPLOMA SALES AND MARKETING(KNEC)],Jan,2020,1
Male,,Kenya,[DIP. INFORMATION COMM. TECHNOLOGY(DICT)(KNEC)],Jan,2020,1
Male,NYAMIRA,Kenya,[DIPLOMA SUPPLY CHAIN MGT(KNEC)],Jan,2020,1
Female,NYERI,Kenya,[DIPLOMA IN CABIN CREW/ AIR HOSTESS(IATA)],Jan,2020,1
Female,KISII,Kenya,[CERT IN FOOD AND BEVERAGE(KNEC)],Jan,2020,1
Female,NAIROBI,Kenya,[Artisan Electrical installation(KNEC)],Jan,2020,1
Male,NAIROBI,Kenya,[DIPLOMA BUSINESS MGT(KNEC)],Jan,2020,1
Female,NAIROBI,Kenya,[CERT HOTEL & CATERING MANAGEMENT(ICM)],Jan,2020,1
Male,LUBUMBASHI,Congo,[DIP IN PURCHASING & SUPPLIES MGT(ICM)],Jan,2020,1
Female,KIAMBU,Kenya,[CERTIFICATE IN JOURNALISM & MASS COMMUNICATION(ICM)],Jan,2020,1
Female,NAIROBI,Kenya,[DIP. COMPUTER AIR TRAVEL OPERATION FL1(IATA)],Jan,2020,1
Male,GITHUNGURI,Kenya,[COMPUTERIZED DIP IN TRAVEL & TOURISM MGT (IATA)],Jan,2020,1
Female,NAIROBI,Kenya,[BRIDGING IN ENGLISH LEVEL 1],Jan,2020,1
Male,MAKUENI,Kenya,[DIPLOMA SUPPLY CHAIN MGT(KNEC)],Jan,2020,1
Male,KISUMU,Kenya,"[Diploma in Food and Beverage Production, Sales and Service Mgt(KNEC)]",Jan,2020,1
Female,NAIROBI,Kenya,[DIPLOMA AIR CARGO INTRODUCTORY(IATA)],Jan,2020,1
Female,NAIROBI,Kenya,[CERTIFICATE IN INFORMATION TECHNOLOGY IT (KNEC)],Jan,2020,1
Female,NAIROBI,Kenya,[DIPLOMA IN CABIN CREW/ AIR HOSTESS(IATA)],Jan,2020,1
Female,NAIROBI,Kenya,[DIPLOMA AIRPORT OPERATIONS(IATA)],Jan,2020,1
Male,HOMABAY,Kenya,[DIPLOMA SUPPLY CHAIN MGT(KNEC)],Jan,2020,1
Female,,Kenya,[COMPUTER APPLICATION],Jan,2020,1
Male,DERESALAAM,Kenya,[CERTIFICATE IN JOURNALISM & MASS COMMUNICATION(ICM)],Jan,2020,1
Male,EMBU,Kenya,[CERTIFICATE IN INFORMATION TECHNOLOGY IT (KNEC)],Jan,2020,1
Female,NYERI,Kenya,[DIP. AIR TRAVEL OPERATIONS/COMP. Tourism mgt(consultancy level 2) (IATA)],Jan,2020,1
Male,VYURSA,Congo,[COMPUTERIZED DIP IN TRAVEL & TOURISM MGT (IATA)],Jan,2020,1
Male,KISII,Kenya,[CERT IN FOOD AND BEVERAGE(KNEC)],Jan,2020,1
Female,MERU,Kenya,[COMPUTER APPLICATION],Jan,2020,1
Female,MARIAKANI,Kenya,[DIP. INFORMATION COMM. TECHNOLOGY(DICT)(KNEC)],Jan,2020,1
Female,NAIROBI,Kenya,[COMPUTER APPLICATION],Jan,2020,1
Male,KIBERA,Kenya,[CERTIFICATE AIRPORT OPERATIONS(IATA)],Jan,2020,1
Male,IL-POLEI,Kenya,[Diploma in Aeronautical Engineering(KNEC)],Jan,2020,1
Female,KERICHO,Kenya,[CERTIFICATE AIRPORT OPERATIONS(IATA)],Jan,2020,1
Female,TURBO,Kenya,[DIPLOMA IN SECRETARIAL STUDIES(KNEC)],Jan,2020,1
Male,KAPSABET,Kenya,"[Diploma in Food and Beverage Production, Sales and Service Mgt(KNEC)]",Jan,2020,1
Male,MACHAKOS,Kenya,[DIPLOMA ELECTRICAL AND ELECTRONICS (KNEC)],Jan,2020,1
Female,OLOITOKITOK,Kenya,[DIP. COMPUTER AIR TRAVEL OPERATION FL1(IATA)],Jan,2020,1
Female,BONDO,Kenya,"[Diploma in Food and Beverage Production, Sales and Service Mgt(KNEC)]",Jan,2020,1
Female,MAKUENI,Kenya,[DIPLOMA AIRPORT OPERATIONS(IATA)],Jan,2020,1
Female,MAZERAS,Kenya,[CERT IN FOOD AND BEVERAGE(KNEC)],Jan,2020,1
Female,NAIROBI,Kenya,[DIPLOMA HOTEL AND CATERING MANAGEMENT(ICM)],Jan,2020,1
Female,KARATINA,Kenya,[CERT IN FOOD AND BEVERAGE(KNEC)],Jan,2020,1
Male,KIBWEZI,Kenya,"[COMPUTERIZED DIPLOMA IN CUSTOMS ,CLEARING & FORWARDING(ICM)]",Jan,2020,1
Male,KAJIADO,Kenya,[DIPLOMA AIRPORT OPERATIONS(IATA)],Jan,2020,1
Female,TASSIA,Kenya,[DIPLOMA IN SECRETARIAL STUDIES(KNEC)],Jan,2020,1
Female,SIAYA,Kenya,[DIPLOMA HOTEL AND CATERING MANAGEMENT(ICM)],Jan,2020,1
Male,MACHAKOS,Kenya,"[COMPUTERIZED DIPLOMA IN CUSTOMS ,CLEARING & FORWARDING(ICM)]",Jan,2020,1
Male,WOTE,Kenya,[Artisan Food And Beverage production and Services],Jan,2020,1
Female,NAIROBI,Kenya,[CERT/DIP/ADVANCED BUSINESS ADMINISTRATION(ICM)],Jan,2020,1
Male,NGENG,Kenya,[CERT IN FOOD AND BEVERAGE(KNEC)],Jan,2020,1
Male,AMAGORO,Kenya,[CERT AIRLINE PASSENGER HANDLING(IATA)],Jan,2020,1
Male,KIBWEZI,Kenya,[CERTIFICATE HUMAN RESOURCE MGT(KNEC)],Jan,2020,1
Female,NAIROBI,Kenya,[DIPLOMA IN CABIN CREW/ AIR HOSTESS(IATA)],Jan,2020,1
Male,NAIROBI,Kenya,[Diploma in Aeronautical Engineering(KNEC)],Jan,2020,1
Female,NAIROBI,Kenya,[DIPLOMA IN CABIN CREW/ AIR HOSTESS(IATA)],Jan,2020,1
Female,NAIROBI,Kenya,[DIPLOMA IN CABIN CREW/ AIR HOSTESS(IATA)],Jan,2020,1
Female,KAKAMEGA,Kenya,[CERT IN FOOD AND BEVERAGE(KNEC)],Jan,2020,1
Male,NAIROBI,Ethiopia,[CERTIFICATE IN JOURNALISM & MASS COMMUNICATION(ICM)],Jan,2020,1
Male,NAIROBI,Kenya,[CERT ELECTRICAL AND ELECTRONICS (KNEC)],Jan,2020,1
Male,NAIROBI,Kenya,[DIPLOMA IN JOURNALISM & MASS COMMUNICATION(ICM)],Jan,2020,1
Male,KERICHO,Kenya,[CERTIFICATE IN JOURNALISM & MASS COMMUNICATION(ICM)],Jan,2020,1
Female,TAITA TAVETA,Kenya,[DIPLOMA IN CABIN CREW/ AIR HOSTESS(IATA)],Jan,2020,1
Female,VOI,Kenya,[DIPLOMA HUMAN RESOURCE MGT(KNEC)],Jan,2020,1
Male,BUKAVU,Congo,"[DIPLOMA IT SYSTEMS SUPPORT (CITY & GUILDS), WEB DESIGN-PYTHON]",Jan,2020,1
Female,NAIROBI,Kenya,[DIPLOMA BANKING & FINANCE(KNEC)],Jan,2020,1
Male,NAIROBI,Kenya,[Artisan Electrical installation(KNEC)],Jan,2020,1
Female,NAIROBI,Kenya,[DIP. AIR TRAVEL OPERATIONS/COMP. Tourism mgt(consultancy level 2) (IATA)],Jan,2020,1
Male,NAIROBI,Kenya,[Artisan Salesmanship],Jan,2020,1
Female,NAIROBI,Kenya,[DIP. AIR TRAVEL OPERATIONS/COMP. Tourism mgt(consultancy level 2) (IATA)],Jan,2020,1
Female,NAIROBI,Kenya,"[COMPUTERIZED DIPLOMA IN CUSTOMS ,CLEARING & FORWARDING(ICM)]",Jan,2020,1
Female,NAIROBI,Kenya,[DIPLOMA HOTEL AND CATERING MANAGEMENT(ICM)],Jan,2020,1
Male,NAIROBI,Kenya,[DIPLOMA IN JOURNALISM & MASS COMMUNICATION(ICM)],Jan,2020,1
Female,MACHAKOS,Kenya,[DIPLOMA IN SECRETARIAL STUDIES(KNEC)],Jan,2020,1
Male,NYAMIRA,Kenya,"[WEB DESIGN-MY SQL, WEB DESIGN-JAVA SCRIPT]",Jan,2020,1
Female,NAIROBI,Kenya,[DIPLOMA IN CABIN CREW/ AIR HOSTESS(IATA)],Jan,2020,1
Male,NAIROBI,Kenya,"[Diploma in Food and Beverage Production, Sales and Service Mgt(KNEC)]",Jan,2020,1
Male,NAIROBI,Kenya,[COMPUTER APPLICATION],Jan,2020,1
Male,NAIROBI,Kenya,[CERTIFICATE AIRPORT OPERATIONS(IATA)],Jan,2020,1
Female,HOMA-BAY,Kenya,[DIPLOMA IN JOURNALISM & MASS COMMUNICATION(ICM)],Jan,2020,1
Female,KIMANDE,Kenya,[Artisan Food And Beverage production and Services],Jan,2020,1
Female,NAIROBI,Kenya,[DIPLOMA IN JOURNALISM & MASS COMMUNICATION(ICM)],Jan,2020,1
Male,NAIROBI,Kenya,[CERT ELECTRICAL AND ELECTRONICS (KNEC)],Jan,2020,1
Female,,Kenya,[DIPLOMA IN CABIN CREW/ AIR HOSTESS(IATA)],Jan,2020,1
Female,NAIROBI,Kenya,[DIPLOMA IN CABIN CREW/ AIR HOSTESS(IATA)],Jan,2020,1
Male,NAIROBI,Kenya,[CERTIFICATE IN SOCIAL DEVELOPMENT(KNEC)],Jan,2020,1
Male,NAIROBI,Kenya,[DIPLOMA IN TOUR GUIDING AND ADMINISTRATION (ICM)],Jan,2020,1
Male,NAIROBI,Kenya,[DIPLOMA ELECTRICAL AND ELECTRONICS (KNEC)],Jan,2020,1
Female,NAIROBI,Kenya,[DIPLOMA AIRPORT OPERATIONS(IATA)],Jan,2020,1
Male,NAIROBI,Kenya,[CERTIFICATE AIR CARGO INTRODUCTORY(IATA)],Jan,2020,1
Female,NAKURU,Kenya,"[Diploma in Food and Beverage Production, Sales and Service Mgt(KNEC)]",Jan,2020,1
Female,NAKURU,Kenya,[DIP. INFORMATION COMM. TECHNOLOGY(DICT)(KNEC)],Jan,2020,1
Female,BUSIA,Kenya,[DIP. COMPUTER AIR TRAVEL OPERATION FL1(IATA)],Jan,2020,1
Female,MERU,Kenya,"[Diploma in Food and Beverage Production, Sales and Service Mgt(KNEC)]",Jan,2020,1
Female,MUMIAS,Kenya,"[Diploma in Food and Beverage Production, Sales and Service Mgt(KNEC)]",Jan,2020,1
Female,BUNGOMA,Kenya,"[Diploma in Food and Beverage Production, Sales and Service Mgt(KNEC)]",Jan,2020,1
Male,NAIROBI,Kenya,[DIPLOMA IN CABIN CREW/ AIR HOSTESS(IATA)],Jan,2020,1
Female,KINSHASA,Congo,[DIPLOMA IT SYSTEMS SUPPORT (CITY & GUILDS)],Jan,2020,1
Male,ISIOLO,Kenya,[CERTIFICATE IN INFORMATION TECHNOLOGY IT (KNEC)],Jan,2020,1
Male,,Kenya,"[COMPUTERIZED DIPLOMA IN CUSTOMS ,CLEARING & FORWARDING(ICM)]",Jan,2020,1
Male,NAIROBI,Kenya,[Diploma in Aeronautical Engineering(KNEC)],Jan,2020,1
Female,NAIROBI,Kenya,[DIP. COMPUTER AIR TRAVEL OPERATION FL1(IATA)],Jan,2020,1
Male,SIAYA,Kenya,[Artisan Food And Beverage production and Services],Jan,2020,1
Female,SIAYA,Kenya,[DIPLOMA IN JOURNALISM & MASS COMMUNICATION(ICM)],Jan,2020,1
Female,NAIROBI,Kenya,[Artisan Salesmanship],Jan,2020,1
Male,KISUMU,Kenya,[Artisan Food And Beverage production and Services],Jan,2020,1
Female,,Somalia,[CERT IN ENGLISH],Jan,2020,1
Male,,Kenya,[Diploma in Aeronautical Engineering(KNEC)],Jan,2020,1
Male,NAIROBI,Kenya,[DIPLOMA IN JOURNALISM & MASS COMMUNICATION(ICM)],Jan,2020,1
Male,NAIROBI,Kenya,[Artisan Electrical installation(KNEC)],Jan,2020,1
Female,NAIROBI,Kenya,[DIPLOMA IN FRONT OFFICE OPERATION & ADMINISTRATION],Jan,2020,1
Male,NAIROBI,Kenya,[CERT ELECTRICAL AND ELECTRONICS (KNEC)],Jan,2020,1
Male,,Kenya,[DIP. INFORMATION COMM. TECHNOLOGY(DICT)(KNEC)],Jan,2020,1
Female,NAIROBI,Kenya,[CERTIFICATE IN SECRETARIAL STUDIES(KNEC)],Jan,2020,1
Female,NAIROBI,Kenya,[Artisan Food And Beverage production and Services],Jan,2020,1
Female,NAIROBI,Kenya,[DIPLOMA IN JOURNALISM & MASS COMMUNICATION(ICM)],Jan,2020,1
Male,NAIROBI,Kenya,[DIPLOMA IN JOURNALISM & MASS COMMUNICATION(ICM)],Jan,2020,1
Male,NAIROBI,Kenya,[Artisan Electrical installation(KNEC)],Jan,2020,1
Female,NAIROBI,Kenya,[CERTIFICATE IN INFORMATION TECHNOLOGY IT (KNEC)],Jan,2020,1
Female,NAIROBI,Kenya,"[Diploma in Food and Beverage Production, Sales and Service Mgt(KNEC)]",Jan,2020,1
Female,NAIROBI,Kenya,[COMPUTER APPLICATION],Jan,2020,1
Male,NAIROBI,Kenya,[CERTIFICATE IN INFORMATION TECHNOLOGY IT (KNEC)],Jan,2020,1
Female,NAIROBI,Kenya,[DIPLOMA AIRPORT OPERATIONS(IATA)],Jan,2020,1
Female,NAIROBI,Kenya,[DIPLOMA HOUSEKEEPING & ACCOMMODATION(ICM)],Jan,2020,1
Male,NAIROBI,Kenya,[CERT ELECTRICAL AND ELECTRONICS (KNEC)],Jan,2020,1
Female,NAIROBI,Kenya,"[COMPUTERIZED DIPLOMA IN CUSTOMS ,CLEARING & FORWARDING(ICM)]",Jan,2020,1
Female,NAIROBI,Kenya,[DIPLOMA IN COMMUNITY DEVELOPMENT & SOCIAL WORK],Jan,2020,1
Male,NAIROBI,Kenya,"[COMPUTERIZED DIPLOMA IN CUSTOMS ,CLEARING & FORWARDING(ICM)]",Jan,2020,1
Female,NAIROBI,Kenya,[CERTIFICATE IN SOCIAL DEVELOPMENT(KNEC)],Jan,2020,1
Female,,Kenya,[CERTIFICATE IN INFORMATION TECHNOLOGY IT (KNEC)],Jan,2020,1
Male,,Kenya,[COMPUTERIZED DIP IN TRAVEL & TOURISM MGT (IATA)],Jan,2020,1
Female,NAIROBI,Kenya,[CERTIFICATE BUSINESS MGT(KNEC)],Jan,2020,1
Male,NAIROBI,Kenya,[DIPLOMA IN CABIN CREW/ AIR HOSTESS(IATA)],Jan,2020,1
Male,NAIROBI,Kenya,[CERTIFICATE SUPPLY CHAIN MGT(KNEC)],Jan,2020,1
Female,,Kenya,[Artisan Store Keeping],Jan,2020,1
Female,,Kenya,[CERTIFICATE IN PROJECT MANAGEMENT(KNEC)],Jan,2020,1
Female,NAIROBI,Kenya,[DIPLOMA IN CABIN CREW/ AIR HOSTESS(IATA)],Jan,2020,1
Male,GOMA,Congo,[DIPLOMA HOTEL AND CATERING MANAGEMENT(ICM)],Jan,2020,1
Male,MBALE,Kenya,[HIGH DIPLOMA HUMAN RESOURCE MGT(KNEC)],Jan,2020,1
Female,KERICHO,Kenya,[CERT IN FOOD AND BEVERAGE(KNEC)],Jan,2020,1
Female,,Kenya,[CERT IN FOOD AND BEVERAGE(KNEC)],Jan,2020,1
Female,NAIROBI,Kenya,[DIPLOMA IN JOURNALISM & MASS COMMUNICATION(ICM)],Jan,2020,1
Female,,Kenya,[COMPUTER RESERVATION SYSTEM(GALILEO/AMADEUS)],Jan,2020,1
Male,ACCRA,Ghana,"[COMPUTERIZED DIPLOMA IN CUSTOMS ,CLEARING & FORWARDING(ICM)]",Jan,2020,1
Female,NAIROBI,Kenya,[CERT IN FOOD AND BEVERAGE(KNEC)],Jan,2020,1
Male,NAIROBI,Kenya,[DIPLOMA ELECTRICAL AND ELECTRONICS (KNEC)],Jan,2020,1
Female,NAIROBI,Kenya,"[Diploma in Food and Beverage Production, Sales and Service Mgt(KNEC)]",Jan,2020,1
Male,MOMBASA,Kenya,[CERT IN FOOD AND BEVERAGE(KNEC)],Jan,2020,1
Female,MOMBASA,Kenya,[DIPLOMA IN CABIN CREW/ AIR HOSTESS(IATA)],Jan,2020,1
Female,MWINGI,Kenya,[DIPLOMA HOTEL AND CATERING MANAGEMENT(ICM)],Jan,2020,1
Male,NAIROBI,Somalia,[DIPLOMA ELECTRICAL AND ELECTRONICS (KNEC)],Jan,2020,1
Female,MAKUENI,Kenya,[Artisan Electrical installation(KNEC)],Jan,2020,1
Female,NAIROBI,Kenya,[DIPLOMA IN CABIN CREW/ AIR HOSTESS(IATA)],Jan,2020,1
Male,,Kenya,[DIPLOMA ELECTRICAL AND ELECTRONICS (KNEC)],Jan,2020,1
Female,,Kenya,[CERT IN FOOD AND BEVERAGE(KNEC)],Jan,2020,1
Female,KISII,Kenya,[DIPLOMA IN COMMUNITY DEVELOPMENT & SOCIAL WORK],Jan,2020,1
Male,NAIROBI,Kenya,[CERTIFICATE SALES & MARKETING (KNEC)],Jan,2020,1
Female,KIAMBU,Kenya,[COMPUTER RESERVATION SYSTEM(GALILEO/AMADEUS)],Jan,2020,1
Female,KITALE,Kenya,[CERT IN FOOD AND BEVERAGE(KNEC)],Jan,2020,1
Female,NAIROBI,Kenya,[Diploma in Aeronautical Engineering(KNEC)],Jan,2020,1
Female,NAIROBI,Kenya,[CERTIFICATE IN JOURNALISM & MASS COMMUNICATION(ICM)],Jan,2020,1
Female,NAIROBI,Kenya,[DIPLOMA IN CABIN CREW/ AIR HOSTESS(IATA)],Jan,2020,1
Female,NAIROBI,Kenya,[Diploma in Aeronautical Engineering(KNEC)],Jan,2020,1
Female,,Kenya,[COMPUTER APPLICATION],Jan,2020,1
Female,,Kenya,[CPA SEC 1],Jan,2020,1
Female,,Kenya,[CERTIFICATE IN SOCIAL DEVELOPMENT(KNEC)],Jan,2020,1
Male,NAIROBI,Kenya,[CERT ELECTRICAL AND ELECTRONICS (KNEC)],Jan,2020,1
Male,NAIROBI,Kenya,[CERTIFICATE BUSINESS MGT(KNEC)],Jan,2020,1
Female,KIBWEZI,Kenya,[Artisan Food And Beverage production and Services],Jan,2020,1
Male,NAIROBI,Kenya,[DIP. INFORMATION COMM. TECHNOLOGY(DICT)(KNEC)],Jan,2020,1
Female,HOMA-BAY,Kenya,[DIPLOMA IN CABIN CREW/ AIR HOSTESS(IATA)],Jan,2020,1
Female,MACHAKOS,Kenya,[Artisan Food And Beverage production and Services],Jan,2020,1
Male,NAKURU,Kenya,[Artisan Electrical installation(KNEC)],Jan,2020,1
Female,NAIROBI,Kenya,[DIPLOMA IN COMMUNITY DEVELOPMENT & SOCIAL WORK],Jan,2020,1
Female,NAIROBI,Kenya,[DIP. COMPUTER AIR TRAVEL OPERATION FL1(IATA)],Jan,2020,1
Female,NYANDARUA,Kenya,[CERTIFICATE HUMAN RESOURCE MGT(KNEC)],Jan,2020,1
Female,,Kenya,[DIPLOMA IN CABIN CREW/ AIR HOSTESS(IATA)],Jan,2020,1
Female,NAIROBI,Kenya,[DIPLOMA IN FRONT OFFICE OPERATION & ADMINISTRATION],Jan,2020,1
Female,NAROK,Kenya,[CERT IN FOOD AND BEVERAGE(KNEC)],Jan,2020,1
Male,,Kenya,[COMPUTER APPLICATION],Jan,2020,1
Female,MOMBASA,Kenya,[Artisan Food And Beverage production and Services],Jan,2020,1
Male,NAIROBI,Somalia,[DIPLOMA IN  HUMAN RESOURCE (ICM)],Jan,2020,1
Female,NAIROBI,Kenya,[CERTIFICATE IN JOURNALISM & MASS COMMUNICATION(ICM)],Jan,2020,1
Female,NAIROBI,Kenya,[CERT HOTEL & CATERING MANAGEMENT(ICM)],Jan,2020,1
Female,NGAUUYA,Kenya,[CERTIFICATE IN JOURNALISM & MASS COMMUNICATION(ICM)],Jan,2020,1
Male,NAIROBI,Kenya,[CERTIFICATE IN JOURNALISM & MASS COMMUNICATION(ICM)],Jan,2020,1
Male,NAIROBI,Kenya,[CERT HOTEL & CATERING MANAGEMENT(ICM)],Jan,2020,1
Female,NAIROBI,Kenya,[COMPUTER APPLICATION],Jan,2020,1
Female,EMBU,Kenya,[DIP. AIR TRAVEL OPERATIONS/COMP. Tourism mgt(consultancy level 2) (IATA)],Jan,2020,1
Female,KIAMBU,Kenya,[DIPLOMA AIR CARGO INTRODUCTORY(IATA)],Jan,2020,1
Female,,Kenya,[COMPUTER APPLICATION],Jan,2020,1
Female,NAIROBI,Kenya,"[COMPUTERIZED DIPLOMA IN CUSTOMS ,CLEARING & FORWARDING(ICM)]",Jan,2020,1
Female,NAIROBI,Congo,[DIPLOMA IN CABIN CREW/ AIR HOSTESS(IATA)],Jan,2020,1
Female,GARISSA,Kenya,[DIPLOMA AIR CARGO INTRODUCTORY(IATA)],Jan,2020,1
Male,KEUMBU,Kenya,"[Diploma in Food and Beverage Production, Sales and Service Mgt(KNEC)]",Jan,2020,1
Female,NAIROBI,Kenya,[DIPLOMA IN CABIN CREW/ AIR HOSTESS(IATA)],Jan,2020,1
Male,MACHAKOS,Kenya,[DIP IN ELECTRICAL AND ELECTRONICS ENGINEERING(CITY&GUILDS)],Jan,2020,1
Male,KIAMBU,Kenya,[DIP. AIR TRAVEL OPERATIONS/COMP. Tourism mgt(consultancy level 2) (IATA)],Jan,2020,1
Male,KIKUYU,Kenya,[DIP. INFORMATION COMM. TECHNOLOGY(DICT)(KNEC)],Jan,2020,1
Male,MERU,Kenya,[DIPLOMA ELECTRICAL AND ELECTRONICS (KNEC)],Jan,2020,1
Female,NYERI,Kenya,[CERTIFICATE IN JOURNALISM & MASS COMMUNICATION(ICM)],Feb,2020,1
Male,NAIROBI,Kenya,[CERTIFICATE IN TOUR GUIDE AND ADMINISTRATION(ICM)],Feb,2020,1
Male,NAIROBI,Kenya,[CERTIFICATE AIRPORT OPERATIONS(IATA)],Feb,2020,1
Male,NAIROBI,Kenya,[CERT AIRLINE PASSENGER HANDLING(IATA)],Feb,2020,1
Female,NAIROBI,Kenya,[COMPUTER APPLICATION],Feb,2020,1
Male,NAIROBI,Kenya,[COMPUTER APPLICATION],Feb,2020,1
Female,NAIROBI,Kenya,"[COMPUTERIZED DIPLOMA IN CUSTOMS ,CLEARING & FORWARDING(ICM)]",Feb,2020,1
Female,NAIROBI,Kenya,[DIPLOMA HOTEL AND CATERING MANAGEMENT(ICM)],Feb,2020,1
Male,NAIROBI,Uganda,[Diploma in Aeronautical Engineering(KNEC)],Feb,2020,1
Male,NAIROBI,Kenya,"[Diploma in Food and Beverage Production, Sales and Service Mgt(KNEC)]",Feb,2020,1
Male,NAIROBI,Kenya,[CERTIFICATE IN JOURNALISM & MASS COMMUNICATION(ICM)],Feb,2020,1
Female,NAIROBI,Kenya,[DIPLOMA AIRPORT OPERATIONS(IATA)],Feb,2020,1
Female,NAIROBI,Kenya,[COMPUTER APPLICATION],Feb,2020,1
Female,NAIROBI,Kenya,[CERT IN FOOD AND BEVERAGE(KNEC)],Feb,2020,1
Male,NAIROBI,Kenya,[CERTIFICATE IN TOUR GUIDE AND ADMINISTRATION(ICM)],Feb,2020,1
Male,NAIROBI,Kenya,[COMPUTERIZED DIP IN TRAVEL & TOURISM MGT (IATA)],Feb,2020,1
Female,NAIROBI,Kenya,[DIPLOMA IN CABIN CREW/ AIR HOSTESS(IATA)],Feb,2020,1
Female,NAIROBI,Kenya,[DIPLOMA IN SINGLE SUBJECT],Feb,2020,1
Male,NAIROBI,Kenya,[CERT ELECTRICAL AND ELECTRONICS (KNEC)],Feb,2020,1
Female,NAIROBI,Kenya,"[Diploma in Food and Beverage Production, Sales and Service Mgt(KNEC)]",Feb,2020,1
Male,NAIROBI,Kenya,[COMPUTER APPLICATION],Feb,2020,1
Male,NAIROBI,Kenya,[COMPUTER APPLICATION],Feb,2020,1
Female,NAIROBI,Kenya,[CERT IN FOOD AND BEVERAGE(KNEC)],Feb,2020,1
Female,NAIROBI,Kenya,[DIPLOMA IN CABIN CREW/ AIR HOSTESS(IATA)],Feb,2020,1
Female,NAIROBI,Kenya,[CERT IN FOOD AND BEVERAGE(KNEC)],Feb,2020,1
Male,NAIROBI,Kenya,[DIPLOMA IN TOUR GUIDING AND ADMINISTRATION (ICM)],Feb,2020,1
Female,NAIROBI,Kenya,[BAKING & PASTRY],Feb,2020,1
Male,NAIROBI,Kenya,[DIPLOMA ELECTRICAL AND ELECTRONICS (KNEC)],Feb,2020,1
Male,NAIROBI,Kenya,"[COMPUTERIZED DIPLOMA IN CUSTOMS ,CLEARING & FORWARDING(ICM)]",Feb,2020,1
Female,NAIROBI,Kenya,[DIPLOMA IN CABIN CREW/ AIR HOSTESS(IATA)],Feb,2020,1
Female,BUTERE,Kenya,[CERT IN FOOD AND BEVERAGE(KNEC)],Feb,2020,1
Male,,Kenya,[MATHS BRIDGING],Feb,2020,1
Male,NAIROBI,Kenya,"[Diploma in Food and Beverage Production, Sales and Service Mgt(KNEC)]",Feb,2020,1
Male,NAIROBI,Kenya,"[COMPUTERIZED DIPLOMA IN CUSTOMS ,CLEARING & FORWARDING(ICM)]",Feb,2020,1
Male,KISII,Kenya,[CERTIFICATE IN INFORMATION TECHNOLOGY IT (KNEC)],Feb,2020,1
Female,KITUI,Kenya,[DIPLOMA IN JOURNALISM & MASS COMMUNICATION(ICM)],Feb,2020,1
Female,GARISSA,Kenya,[CERTIFICATE AIR CARGO INTRODUCTORY(IATA)],Feb,2020,1
Male,NAIROBI,Kenya,[DIPLOMA IN SALES AND MARKETING(ICM)],Feb,2020,1
Male,MOMBASA,Kenya,[CERTIFICATE IN TOUR GUIDE AND ADMINISTRATION(ICM)],Feb,2020,1
Male,NAIROBI,Kenya,[CERT ELECTRICAL AND ELECTRONICS (KNEC)],Feb,2020,1
Female,NAIROBI,Uganda,[DIPLOMA HOTEL AND CATERING MANAGEMENT(ICM)],Feb,2020,1
Female,NAROBI,Kenya,[COMPUTER APPLICATION],Feb,2020,1
Female,NAIROBI,Kenya,[DIP. COMPUTER AIR TRAVEL OPERATION FL1(IATA)],Feb,2020,1
Female,NAIROBI,Kenya,[DIP. AIR TRAVEL OPERATIONS/COMP. Tourism mgt(consultancy level 2) (IATA)],Feb,2020,1
Female,NGULUNI,Kenya,[Artisan Food And Beverage production and Services],Feb,2020,1
Female,NAIROBI,Kenya,[CERTIFICATE IN SECRETARIAL STUDIES(KNEC)],Feb,2020,1
Female,NAIROBI,Kenya,[CERTIFICATE IN SECRETARIAL STUDIES(KNEC)],Feb,2020,1
Male,,Kenya,[DIPLOMA HUMAN RESOURCE MGT(KNEC)],Feb,2020,1
Male,NAROK,Kenya,[CERT HOTEL & CATERING MANAGEMENT(ICM)],Feb,2020,1
Female,MACHAKOS,Kenya,[DIPLOMA HOTEL AND CATERING MANAGEMENT(ICM)],Feb,2020,1
Female,MANDERA,Kenya,[DIP. AIR TRAVEL OPERATIONS/COMP. Tourism mgt(consultancy level 2) (IATA)],Feb,2020,1
Male,JIG JIG,Ethiopia,[DIPLOMA AIRPORT OPERATIONS(IATA)],Feb,2020,1
Female,NAIROBI,Kenya,[COMPUTER APPLICATION],Feb,2020,1
Female,NAIROBI,Kenya,[DIPLOMA IN COMMUNITY DEVELOPMENT & SOCIAL WORK],Feb,2020,1
Female,NAIROBI,Kenya,[DIPLOMA BANKING & FINANCE(KNEC)],Feb,2020,1
Male,NAIROBI,Kenya,[MATHS BRIDGING],Feb,2020,1
Female,NYERI,Kenya,[CERT AIRLINE PASSENGER HANDLING(IATA)],Feb,2020,1
Female,NAIROBI,Kenya,[CERT HOTEL & CATERING MANAGEMENT(ICM)],Feb,2020,1
Female,,Kenya,[CERT AIRLINE PASSENGER HANDLING(IATA)],Feb,2020,1
Male,,Kenya,[CPA SEC 2],Feb,2020,1
Female,NAIROBI,Kenya,[Diploma in Aeronautical Engineering(KNEC)],Feb,2020,1
Female,NAIROBI,Kenya,[CERTIFICATE IN SECRETARIAL STUDIES(KNEC)],Feb,2020,1
Male,NAIROBI,Kenya,[CERT ELECTRICAL AND ELECTRONICS (KNEC)],Feb,2020,1
Female,NAIROBI,Kenya,[WEB DESIGN-PYTHON],Feb,2020,1
Female,NAIROBI,Kenya,[CERTIFICATE IN SECRETARIAL STUDIES(KNEC)],Feb,2020,1
Female,NAIROBI,Kenya,[DIPLOMA IN CABIN CREW/ AIR HOSTESS(IATA)],Feb,2020,1
Male,NAIROBI,Kenya,[CERTIFICATE BANKING & FINANCE(KNEC)],Feb,2020,1
Male,MACHAKOS,Kenya,[COMPUTER APPLICATION],Feb,2020,1
Female,MORONI,Comoros,[DIPLOMA IN CABIN CREW/ AIR HOSTESS(IATA)],Feb,2020,1
Male,KISUMU,Kenya,[DIPLOMA BUSINESS MGT(KNEC)],Feb,2020,1
Female,NAIROBI,Kenya,[DIPLOMA BANKING & FINANCE(KNEC)],Feb,2020,1
Male,LOITOKTOK,Kenya,[DIPLOMA AIRPORT OPERATIONS(IATA)],Feb,2020,1
Female,SULTAN,Kenya,[DIPLOMA SALES AND MARKETING(KNEC)],Feb,2020,1
Female,NUNGUNI,Kenya,[Artisan Food And Beverage production and Services],Feb,2020,1
Female,MERU,Kenya,[CERTIFICATE IN JOURNALISM & MASS COMMUNICATION(ICM)],Feb,2020,1
Female,,Kenya,[CERTIFICATE IN TOUR GUIDE AND ADMINISTRATION(ICM)],Feb,2020,1
Female,,Kenya,[CERTIFICATE BUSINESS MGT(KNEC)],Feb,2020,1
Female,,Kenya,[DIP. COMPUTER AIR TRAVEL OPERATION FL1(IATA)],Feb,2020,1
Female,"MURANG,A",Kenya,[DIPLOMA FRENCH],Feb,2020,1
Female,,Kenya,[DIPLOMA IN CABIN CREW/ AIR HOSTESS(IATA)],Feb,2020,1
Male,,Kenya,[CERTIFICATE IN JOURNALISM & MASS COMMUNICATION(ICM)],Feb,2020,1
Male,,Kenya,[DIP. COMPUTER AIR TRAVEL OPERATION FL1(IATA)],Feb,2020,1
Female,NAIROBI,Kenya,[CERT IN FOOD AND BEVERAGE(KNEC)],Feb,2020,1
Male,NAIROBI,Somalia,[DIPLOMA IN  HUMAN RESOURCE (ICM)],Feb,2020,1
Female,NAIROBI,Kenya,[CERT IN FOOD AND BEVERAGE(KNEC)],Feb,2020,1
Female,,Egypt,[DIPLOMA IT SYSTEMS SUPPORT (CITY & GUILDS)],Feb,2020,1
Male,,Somalia,[DIPLOMA IT SYSTEMS SUPPORT (CITY & GUILDS)],Feb,2020,1
Male,,Kenya,[CPA SEC 2],Feb,2020,1
Female,KONZA,Kenya,[DIP. INFORMATION COMM. TECHNOLOGY(DICT)(KNEC)],Feb,2020,1
Female,KIAMBU,Kenya,[DIP. COMPUTER AIR TRAVEL OPERATION FL1(IATA)],Feb,2020,1
Female,NAIROBI,Uganda,[CERT AIRLINE PASSENGER HANDLING(IATA)],Feb,2020,1
Female,MACHAKOS,Kenya,[COMPUTER APPLICATION],Feb,2020,1
Female,,Kenya,[DIPLOMA IN CABIN CREW/ AIR HOSTESS(IATA)],Feb,2020,1
Female,,Kenya,"[Diploma in Food and Beverage Production, Sales and Service Mgt(KNEC)]",Feb,2020,1
Male,,Kenya,[Diploma in Aeronautical Engineering(KNEC)],Feb,2020,1
Male,,Kenya,[DIPLOMA IN CABIN CREW/ AIR HOSTESS(IATA)],Feb,2020,1
Female,,Comoros,[DIPLOMA IN CABIN CREW/ AIR HOSTESS(IATA)],Feb,2020,1
Male,NAIROBI,Kenya,[DIPLOMA IN TOUR GUIDING AND ADMINISTRATION (ICM)],Feb,2020,1
Male,,Comoros,[CERTIFICATE AIRPORT OPERATIONS(IATA)],Feb,2020,1
Male,NAKURU,Kenya,[COMPUTERIZED DIP IN TRAVEL & TOURISM MGT (IATA)],Feb,2020,1
Male,NAIROBI,Kenya,[COMPUTER APPLICATION],Feb,2020,1
Male,NAIROBI,Kenya,[CERTIFICATE SALES & MARKETING (KNEC)],Feb,2020,1
Female,,Kenya,[COMPUTER APPLICATION],Feb,2020,1
Male,,Kenya,[DIPLOMA IN COMMUNITY DEVELOPMENT & SOCIAL WORK],Feb,2020,1
Male,MURANGA,Kenya,[DIPLOMA IN FRONT OFFICE OPERATION & ADMINISTRATION],Feb,2020,1
Female,,Kenya,[CERT HOTEL & CATERING MANAGEMENT(ICM)],Feb,2020,1
Female,,Kenya,[DIPLOMA IN  HUMAN RESOURCE (ICM)],Feb,2020,1
Male,KIAMBU,Kenya,"[Diploma in Food and Beverage Production, Sales and Service Mgt(KNEC)]",Feb,2020,1
Female,,Kenya,[CERTIFICATE IN SECRETARIAL STUDIES(KNEC)],Feb,2020,1
Female,,Kenya,"[COMPUTERIZED DIPLOMA IN CUSTOMS ,CLEARING & FORWARDING(ICM)]",Feb,2020,1
Male,,Rwanda,[DIPLOMA IN FOOD PRODUCTION (ICM)],Feb,2020,1
Female,,Tanzania,[CERT HOTEL & CATERING MANAGEMENT(ICM)],Feb,2020,1
Female,KANGEMI,Kenya,[DIPLOMA IN CABIN CREW/ AIR HOSTESS(IATA)],Feb,2020,1
Male,KIMANA,Kenya,[COMPUTER APPLICATION],Feb,2020,1
Male,,Kenya,[DIPLOMA BUSINESS MGT(KNEC)],Feb,2020,1
Female,,Kenya,[DIP. PUBLIC RELATIONS],Feb,2020,1
Female,,Kenya,[DIPLOMA IN SECRETARIAL STUDIES(KNEC)],Feb,2020,1
Male,,Kenya,[Artisan Food And Beverage production and Services],Feb,2020,1
Female,,Kenya,[DIPLOMA IN CABIN CREW/ AIR HOSTESS(IATA)],Feb,2020,1
Female,SIAYA,Kenya,"[Diploma in Food and Beverage Production, Sales and Service Mgt(KNEC)]",Feb,2020,1
Male,,Kenya,[DIPLOMA IN JOURNALISM & MASS COMMUNICATION(ICM)],Feb,2020,1
Male,,Kenya,[DIPLOMA IN JOURNALISM & MASS COMMUNICATION(ICM)],Feb,2020,1
Female,,Kenya,[CERT AIRLINE PASSENGER HANDLING(IATA)],Feb,2020,1
Male,,Kenya,[DIPLOMA HOUSEKEEPING & ACCOMMODATION(ICM)],Feb,2020,1
Female,NAIROBI,Kenya,[CERTIFICATE AIR CARGO INTRODUCTORY(IATA)],Feb,2020,1
Female,,Kenya,[CERT IN FOOD AND BEVERAGE(KNEC)],Feb,2020,1
Male,KITALE,Kenya,[DIP. INFORMATION COMM. TECHNOLOGY(DICT)(KNEC)],Mar,2020,1
Female,MAKUENI,Kenya,"[Diploma in Food and Beverage Production, Sales and Service Mgt(KNEC)]",Mar,2020,1
Male,KIGALI,Rwanda,[DIP IN ELECTRICAL AND ELECTRONICS TECHNOLOGY(CITY&GUILDS)],Mar,2020,1
Female,MANSA,Kenya,[DIP. COMPUTER AIR TRAVEL OPERATION FL1(IATA)],Mar,2020,1
Female,NJIRU,Kenya,[DIP. COMPUTER AIR TRAVEL OPERATION FL1(IATA)],Mar,2020,1
Female,KIAMBU,Kenya,[DIP. AIR TRAVEL OPERATIONS/COMP. Tourism mgt(consultancy level 2) (IATA)],Mar,2020,1
Female,KALACHA,Kenya,[Artisan Salesmanship],Mar,2020,1
Male,NAKURU,Kenya,[DIPLOMA HOTEL AND CATERING MANAGEMENT(ICM)],Mar,2020,1
Male,KAKAMEGA,Kenya,[COMPUTER APPLICATION],Mar,2020,1
Female,NAIROBI,Kenya,[CERT IN FOOD AND BEVERAGE(KNEC)],Mar,2020,1
Female,NAIROBI,Kenya,[DIPLOMA IN CABIN CREW/ AIR HOSTESS(IATA)],Mar,2020,1
Male,,Kenya,[COMPUTER APPLICATION],Mar,2020,1
Male,,Kenya,"[COMPUTERIZED DIPLOMA IN CUSTOMS ,CLEARING & FORWARDING(ICM)]",Mar,2020,1
Female,,Kenya,[CERTIFICATE AIRPORT OPERATIONS(IATA)],Mar,2020,1
Female,,Kenya,[CERT IN FOOD AND BEVERAGE(KNEC)],Mar,2020,1
Male,NAIROBI,Kenya,[Artisan Salesmanship],Mar,2020,1
Female,,Kenya,[COMPUTER APPLICATION],Mar,2020,1
Male,NAIROBI,Comoros,[CERTIFICATE AIRPORT OPERATIONS(IATA)],Mar,2020,1
Male,NAIROBI,Kenya,"[Diploma in Food and Beverage Production, Sales and Service Mgt(KNEC)]",Mar,2020,1
Male,,Kenya,"[COMPUTERIZED DIPLOMA IN CUSTOMS ,CLEARING & FORWARDING(ICM)]",Mar,2020,1
Female,NAIROBI,Kenya,[DIPLOMA SUPPLY CHAIN MGT(KNEC)],Mar,2020,1
Female,,Kenya,[CERT IN FOOD AND BEVERAGE(KNEC)],Mar,2020,1
Female,NAIROBI,Kenya,[DIPLOMA HOTEL AND CATERING MANAGEMENT(ICM)],Mar,2020,1
Male,,Kenya,[CERT ELECTRICAL AND ELECTRONICS (KNEC)],Mar,2020,1
Female,,Kenya,[COMPUTERIZED DIP IN TRAVEL & TOURISM MGT (IATA)],Mar,2020,1
Female,,Kenya,[COMPUTER APPLICATION],Mar,2020,1
Female,NAIROBI,Kenya,[DIPLOMA IN JOURNALISM & MASS COMMUNICATION(ICM)],Mar,2020,1
Female,,Kenya,[CERT AIRLINE PASSENGER HANDLING(IATA)],Mar,2020,1
Female,KERICHO,Kenya,[DIPLOMA IN FRONT OFFICE OPERATION & ADMINISTRATION],Mar,2020,1
Female,NAIROBI,Kenya,[Artisan Food And Beverage production and Services],Mar,2020,1
Female,GACHIE,Kenya,[DIPLOMA IN CABIN CREW/ AIR HOSTESS(IATA)],Mar,2020,1
Female,NAIROBI,Kenya,[Artisan Food And Beverage production and Services],Mar,2020,1
Male,NAIROBI,Kenya,[DIPLOMA HOTEL AND CATERING MANAGEMENT(ICM)],Mar,2020,1
Male,ELDORET,Kenya,[DIPLOMA IT SYSTEMS SUPPORT (CITY & GUILDS)],Mar,2020,1
Female,NAIROBI,Kenya,[CERT IN FOOD AND BEVERAGE(KNEC)],Mar,2020,1
Male,NAIROBI,Kenya,[COMPUTER APPLICATION],Mar,2020,1
Female,KISUMU,Kenya,[COMPUTER APPLICATION],Mar,2020,1
Male,NAIROBI,Kenya,[COMPUTER APPLICATION],Mar,2020,1
Male,NAIROBI,Congo,[DIP. PUBLIC RELATIONS],Mar,2020,1
Female,NAIROBI,Kenya,[CERTIFICATE AIRPORT OPERATIONS(IATA)],Mar,2020,1
Male,NAIROBI,Kenya,[COMPUTERIZED DIP IN TRAVEL & TOURISM MGT (IATA)],Mar,2020,1
Female,NAIROBI,Kenya,[BAKING & PASTRY],Mar,2020,1
Female,NAIROBI,Kenya,[MATHS BRIDGING],Mar,2020,1
Female,NAIROBI,Kenya,[CERTIFICATE IN TOUR GUIDE AND ADMINISTRATION(ICM)],Mar,2020,1
Female,GARISSA,Kenya,[CERTIFICATE IN SOCIAL DEVELOPMENT(KNEC)],Mar,2020,1
Female,NAIROBI,Kenya,[CERTIFICATE AIRPORT OPERATIONS(IATA)],Mar,2020,1
Male,NAIROBI,Kenya,"[COMPUTERIZED DIPLOMA IN CUSTOMS ,CLEARING & FORWARDING(ICM)]",Mar,2020,1
Male,NAIROBI,Kenya,"[COMPUTERIZED DIPLOMA IN CUSTOMS ,CLEARING & FORWARDING(ICM)]",Mar,2020,1
Male,NAIROBI,Kenya,[CERTIFICATE IN TOUR GUIDE AND ADMINISTRATION(ICM)],Mar,2020,1
Female,NAIROBI,Kenya,[DIPLOMA IN CABIN CREW/ AIR HOSTESS(IATA)],Mar,2020,1
Female,NAIROBI,Kenya,[DIPLOMA IN JOURNALISM & MASS COMMUNICATION(ICM)],Mar,2020,1
Male,NAIROBI,Kenya,[Diploma in Aeronautical Engineering(KNEC)],Mar,2020,1
Female,NAIROBI,Kenya,[DIPLOMA HOTEL AND CATERING MANAGEMENT(ICM)],Mar,2020,1
